{"J":{"0":87.5254974365,"1":92.5806427002,"2":92.5806427002,"3":92.5806427002,"4":92.5806427002,"5":92.5806427002,"6":92.5806427002,"7":92.5806427002,"8":92.5806427002,"9":92.5806427002,"10":92.5806427002,"11":92.5806427002,"12":92.5806427002,"13":92.5806427002,"14":92.5806427002,"15":92.5806427002,"16":92.5806427002,"17":92.5806427002},"f":{"0":[-1.2903213501,-0.1290359497,-2.9032249451,12.5421447754],"1":[0.0,0.0,0.0,16.6128997803],"2":[0.0,0.0,0.0,16.6128997803],"3":[0.0,0.0,0.0,16.6128997803],"4":[0.0,0.0,0.0,16.6128997803],"5":[0.0,0.0,0.0,16.6128997803],"6":[0.0,0.0,0.0,16.6128997803],"7":[0.0,0.0,0.0,16.6128997803],"8":[0.0,0.0,0.0,16.6128997803],"9":[0.0,0.0,0.0,16.6128997803],"10":[0.0,0.0,0.0,16.6128997803],"11":[0.0,0.0,0.0,16.6128997803],"12":[0.0,0.0,0.0,16.6128997803],"13":[0.0,0.0,0.0,16.6128997803],"14":[0.0,0.0,0.0,16.6128997803],"15":[0.0,0.0,0.0,16.6128997803],"16":[0.0,0.0,0.0,16.6128997803],"17":[0.0,0.0,0.0,16.6128997803]},"runtime":{"0":32.5578467846,"1":58.4099779129,"2":83.8693041801,"3":111.028126955,"4":136.6905825138,"5":166.3653495312,"6":196.5951707363,"7":227.6841759682,"8":257.2624657154,"9":287.504783392,"10":315.0161979198,"11":340.6808190346,"12":366.0569970608,"13":391.7061007023,"14":422.9838805199,"15":465.772695303,"16":497.6587207317,"17":529.2692558765},"vars":{"0":[8.4443292618,6.6066589355,0.0,10.1633720398,0.0],"1":[8.5483865738,6.6129031181,0.0,11.129032135,0.0],"2":[8.5483865738,6.6129031181,0.0,11.129032135,0.0],"3":[8.5483865738,6.6129031181,0.0,11.129032135,0.0],"4":[8.5483865738,6.6129031181,0.0,11.129032135,0.0],"5":[8.5483865738,6.6129031181,0.0,11.129032135,0.0],"6":[8.5483865738,6.6129031181,0.0,11.129032135,0.0],"7":[8.5483865738,6.6129031181,0.0,11.129032135,0.0],"8":[8.5483865738,6.6129031181,0.0,11.129032135,0.0],"9":[8.5483865738,6.6129031181,0.0,11.129032135,0.0],"10":[8.5483865738,6.6129031181,0.0,11.129032135,0.0],"11":[8.5483865738,6.6129031181,0.0,11.129032135,0.0],"12":[8.5483865738,6.6129031181,0.0,11.129032135,0.0],"13":[8.5483865738,6.6129031181,0.0,11.129032135,0.0],"14":[8.5483865738,6.6129031181,0.0,11.129032135,0.0],"15":[8.5483865738,6.6129031181,0.0,11.129032135,0.0],"16":[8.5483865738,6.6129031181,0.0,11.129032135,0.0],"17":[8.5483865738,6.6129031181,0.0,11.129032135,0.0]}}