{"J":{"0":91.3168640137,"1":92.5806427002,"2":92.5806427002,"3":92.5806503296,"4":92.5806503296,"5":92.5806503296,"6":92.5806503296,"7":92.5806503296,"8":92.5806503296,"9":92.5806503296,"10":92.5806503296,"11":92.5806503296,"12":92.5806503296,"13":92.5806503296,"14":92.5806503296,"15":92.5806503296,"16":92.5806503296,"17":92.5806503296},"f":{"0":[-0.3225708008,-0.0322532654,-0.7258071899,15.5952148438],"1":[-0.0000038147,-0.0000038147,0.0,16.6128997803],"2":[-0.0000114441,-0.0000076294,0.0000038147,16.6128997803],"3":[0.0000076294,0.0,0.0000038147,16.6129112244],"4":[0.0000076294,0.0,0.0000038147,16.6129112244],"5":[0.0000076294,0.0,0.0000038147,16.6129112244],"6":[0.0000076294,0.0,0.0000038147,16.6129112244],"7":[0.0000076294,0.0,0.0000038147,16.6129112244],"8":[0.0000076294,0.0,0.0000038147,16.6129112244],"9":[0.0000076294,0.0,0.0000038147,16.6129112244],"10":[0.0000076294,0.0,0.0000038147,16.6129112244],"11":[0.0000076294,0.0,0.0000038147,16.6129112244],"12":[0.0000076294,0.0,0.0000038147,16.6129112244],"13":[0.0000076294,0.0,0.0000038147,16.6129112244],"14":[0.0000076294,0.0,0.0000038147,16.6129112244],"15":[0.0000076294,0.0,0.0000038147,16.6129112244],"16":[0.0000076294,0.0,0.0000038147,16.6129112244],"17":[0.0000076294,0.0,0.0000038147,16.6129112244]},"runtime":{"0":30.187245369,"1":60.5684862137,"2":90.6726033688,"3":120.5661027431,"4":147.703142643,"5":173.4878845215,"6":198.9265735149,"7":224.4044368267,"8":252.5265645981,"9":283.3501465321,"10":314.0614829063,"11":344.5799920559,"12":375.2378151417,"13":404.1945700645,"14":431.2352700233,"15":458.9763743877,"16":485.2770366669,"17":512.7176792622},"vars":{"0":[8.5223741531,6.6113433838,0.0,10.8876171112,0.0],"1":[8.5483856201,6.6129026413,0.0,11.129032135,0.0],"2":[8.5483846664,6.6129021645,0.0,11.1290330887,0.0],"3":[8.5483894348,6.6129031181,0.0,11.1290330887,0.0],"4":[8.5483894348,6.6129031181,0.0,11.1290330887,0.0],"5":[8.5483894348,6.6129031181,0.0,11.1290330887,0.0],"6":[8.5483894348,6.6129031181,0.0,11.1290330887,0.0],"7":[8.5483894348,6.6129031181,0.0,11.1290330887,0.0],"8":[8.5483894348,6.6129031181,0.0,11.1290330887,0.0],"9":[8.5483894348,6.6129031181,0.0,11.1290330887,0.0],"10":[8.5483894348,6.6129031181,0.0,11.1290330887,0.0],"11":[8.5483894348,6.6129031181,0.0,11.1290330887,0.0],"12":[8.5483894348,6.6129031181,0.0,11.1290330887,0.0],"13":[8.5483894348,6.6129031181,0.0,11.1290330887,0.0],"14":[8.5483894348,6.6129031181,0.0,11.1290330887,0.0],"15":[8.5483894348,6.6129031181,0.0,11.1290330887,0.0],"16":[8.5483894348,6.6129031181,0.0,11.1290330887,0.0],"17":[8.5483894348,6.6129031181,0.0,11.1290330887,0.0]}}