{"J":{"0":92.327545166,"1":92.5809936523,"2":92.5809936523,"3":92.5809936523,"4":92.5809936523,"5":92.5809936523,"6":92.5809936523,"7":92.5809936523,"8":92.5809936523,"9":92.5809936523,"10":92.5809936523,"11":92.5809936523,"12":92.5809936523,"13":92.5809936523,"14":92.5809936523,"15":92.5809936523,"16":92.5809936523,"17":92.5809936523},"f":{"0":[-0.0647926331,-0.0067214966,-0.1452598572,16.4092025757],"1":[0.000289917,0.0002822876,0.0001029968,16.6130714417],"2":[0.000289917,0.0002822876,0.0001029968,16.6130714417],"3":[0.000289917,0.0002822876,0.0001029968,16.6130714417],"4":[0.000289917,0.0002822876,0.0001029968,16.6130714417],"5":[0.000289917,0.0002822876,0.0001029968,16.6130714417],"6":[0.000289917,0.0002822876,0.0001029968,16.6130714417],"7":[0.000289917,0.0002822876,0.0001029968,16.6130714417],"8":[0.000289917,0.0002822876,0.0001029968,16.6130714417],"9":[0.000289917,0.0002822876,0.0001029968,16.6130714417],"10":[0.000289917,0.0002822876,0.0001029968,16.6130714417],"11":[0.000289917,0.0002822876,0.0001029968,16.6130714417],"12":[0.000289917,0.0002822876,0.0001029968,16.6130714417],"13":[0.000289917,0.0002822876,0.0001029968,16.6130714417],"14":[0.000289917,0.0002822876,0.0001029968,16.6130714417],"15":[0.000289917,0.0002822876,0.0001029968,16.6130714417],"16":[0.000289917,0.0002822876,0.0001029968,16.6130714417],"17":[0.000289917,0.0002822876,0.0001029968,16.6130714417]},"runtime":{"0":27.224832058,"1":59.0697655678,"2":89.613093853,"3":118.4201118946,"4":147.0298604965,"5":175.2947678566,"6":203.739379406,"7":233.9570777416,"8":262.2658097744,"9":288.9809789658,"10":322.6549427509,"11":352.2288885117,"12":379.6434726715,"13":409.676025629,"14":437.3533191681,"15":464.5001897812,"16":494.1071038246,"17":521.9507229328},"vars":{"0":[8.5431337357,6.6125359535,0.0,11.0807342529,0.0],"1":[8.5484409332,6.6129603386,0.0,11.1290473938,0.0],"2":[8.5484409332,6.6129603386,0.0,11.1290473938,0.0],"3":[8.5484409332,6.6129603386,0.0,11.1290473938,0.0],"4":[8.5484409332,6.6129603386,0.0,11.1290473938,0.0],"5":[8.5484409332,6.6129603386,0.0,11.1290473938,0.0],"6":[8.5484409332,6.6129603386,0.0,11.1290473938,0.0],"7":[8.5484409332,6.6129603386,0.0,11.1290473938,0.0],"8":[8.5484409332,6.6129603386,0.0,11.1290473938,0.0],"9":[8.5484409332,6.6129603386,0.0,11.1290473938,0.0],"10":[8.5484409332,6.6129603386,0.0,11.1290473938,0.0],"11":[8.5484409332,6.6129603386,0.0,11.1290473938,0.0],"12":[8.5484409332,6.6129603386,0.0,11.1290473938,0.0],"13":[8.5484409332,6.6129603386,0.0,11.1290473938,0.0],"14":[8.5484409332,6.6129603386,0.0,11.1290473938,0.0],"15":[8.5484409332,6.6129603386,0.0,11.1290473938,0.0],"16":[8.5484409332,6.6129603386,0.0,11.1290473938,0.0],"17":[8.5484409332,6.6129603386,0.0,11.1290473938,0.0]}}