{"J":{"0":-6.4166667691},"f":{"0":[-0.0000000575,0.0134170342]},"runtime":{"0":0.1503031254},"vars":{"0":[-25.00000025,18.5833334808]}}