{"J":{"0":-6.9607868195,"1":-6.3481349945,"2":-6.3481349945,"3":-6.3481349945,"4":-6.3481349945,"5":-6.3481349945,"6":-6.3481349945,"7":-6.3481349945,"8":-6.3481349945,"9":-6.3481349945,"10":-6.3481349945,"11":-6.3481349945,"12":-6.3481349945,"13":-6.3481349945,"14":-6.3481349945,"15":-6.3481349945,"16":-6.3481349945},"f":{"0":[-1.6323623657,-0.4417579174],"1":[0.2055969238,0.1753393412],"2":[0.2055969238,0.1753393412],"3":[0.2055969238,0.1753393412],"4":[0.2055969238,0.1753393412],"5":[0.2055969238,0.1753393412],"6":[0.2055969238,0.1753393412],"7":[0.2055969238,0.1753393412],"8":[0.2055969238,0.1753393412],"9":[0.2055969238,0.1753393412],"10":[0.2055969238,0.1753393412],"11":[0.2055969238,0.1753393412],"12":[0.2055969238,0.1753393412],"13":[0.2055969238,0.1753393412],"14":[0.2055969238,0.1753393412],"15":[0.2055969238,0.1753393412],"16":[0.2055969238,0.1753393412]},"runtime":{"0":30.5334186554,"1":60.6754212379,"2":91.7419576645,"3":124.3691241741,"4":154.4129426479,"5":185.3675582409,"6":215.9533367157,"7":246.0815610886,"8":276.1853587627,"9":307.1833820343,"10":337.8061161041,"11":368.1228141785,"12":398.8385543823,"13":429.1645548344,"14":460.2816348076,"15":492.7547123432,"16":523.3504436016},"vars":{"0":[-25.0,18.0392131805],"1":[-25.0,18.6518650055],"2":[-25.0,18.6518650055],"3":[-25.0,18.6518650055],"4":[-25.0,18.6518650055],"5":[-25.0,18.6518650055],"6":[-25.0,18.6518650055],"7":[-25.0,18.6518650055],"8":[-25.0,18.6518650055],"9":[-25.0,18.6518650055],"10":[-25.0,18.6518650055],"11":[-25.0,18.6518650055],"12":[-25.0,18.6518650055],"13":[-25.0,18.6518650055],"14":[-25.0,18.6518650055],"15":[-25.0,18.6518650055],"16":[-25.0,18.6518650055]}}