{"J":{"0":-410.1666870117,"1":-410.0,"2":-410.0,"3":-58.0741539001,"4":-58.0741539001,"5":-58.0741539001,"6":-58.0741539001,"7":-58.0741539001,"8":-58.0741539001,"9":-58.0741539001,"10":-58.0741539001,"11":-58.0741539001,"12":-58.0741539001,"13":-58.0741539001,"14":-58.0741539001},"f":{"0":[577.3332519531,152.6666564941,423.6999816895,-1.0,-0.3333435059],"1":[580.0001220703,153.0000152588,424.0,-1.0,0.0000152588],"2":[580.0001220703,153.0000152588,424.0,-1.0,0.0000152588],"3":[2.4156951904,21.2941169739,99.3807525635,17.4910888672,14.4039611816],"4":[2.4156951904,21.2941169739,99.3807525635,17.4910888672,14.4039611816],"5":[2.4156951904,21.2941169739,99.3807525635,17.4910888672,14.4039611816],"6":[2.4156951904,21.2941169739,99.3807525635,17.4910888672,14.4039611816],"7":[2.4156951904,21.2941169739,99.3807525635,17.4910888672,14.4039611816],"8":[2.4156951904,21.2941169739,99.3807525635,17.4910888672,14.4039611816],"9":[2.4156951904,21.2941169739,99.3807525635,17.4910888672,14.4039611816],"10":[2.4156951904,21.2941169739,99.3807525635,17.4910888672,14.4039611816],"11":[2.4156951904,21.2941169739,99.3807525635,17.4910888672,14.4039611816],"12":[2.4156951904,21.2941169739,99.3807525635,17.4910888672,14.4039611816],"13":[2.4156951904,21.2941169739,99.3807525635,17.4910888672,14.4039611816],"14":[2.4156951904,21.2941169739,99.3807525635,17.4910888672,14.4039611816]},"runtime":{"0":33.3688168526,"1":65.173188448,"2":96.9100954533,"3":128.6388630867,"4":167.0886723995,"5":204.9146173,"6":241.2667551041,"7":276.5873713493,"8":308.0306551456,"9":341.351142168,"10":373.5832190514,"11":409.65188241,"12":446.0383529663,"13":482.4307260513,"14":518.6888394356},"vars":{"0":[25.0,-25.0,-25.0,22.9666652679,-25.0],"1":[25.0,-25.0,-25.0,23.0000019073,-25.0],"2":[25.0,-25.0,-25.0,23.0000019073,-25.0],"3":[7.1037077904,-3.1290979385,-0.2903389037,0.4909085929,-6.3631224632],"4":[7.1037077904,-3.1290979385,-0.2903389037,0.4909085929,-6.3631224632],"5":[7.1037077904,-3.1290979385,-0.2903389037,0.4909085929,-6.3631224632],"6":[7.1037077904,-3.1290979385,-0.2903389037,0.4909085929,-6.3631224632],"7":[7.1037077904,-3.1290979385,-0.2903389037,0.4909085929,-6.3631224632],"8":[7.1037077904,-3.1290979385,-0.2903389037,0.4909085929,-6.3631224632],"9":[7.1037077904,-3.1290979385,-0.2903389037,0.4909085929,-6.3631224632],"10":[7.1037077904,-3.1290979385,-0.2903389037,0.4909085929,-6.3631224632],"11":[7.1037077904,-3.1290979385,-0.2903389037,0.4909085929,-6.3631224632],"12":[7.1037077904,-3.1290979385,-0.2903389037,0.4909085929,-6.3631224632],"13":[7.1037077904,-3.1290979385,-0.2903389037,0.4909085929,-6.3631224632],"14":[7.1037077904,-3.1290979385,-0.2903389037,0.4909085929,-6.3631224632]}}