{"J":{"0":-410.5,"1":-410.0,"2":-410.0,"3":-410.0,"4":-410.0,"5":-86.517364502,"6":-86.517364502,"7":-86.517364502,"8":-86.517364502,"9":-86.517364502,"10":-86.517364502},"f":{"0":[572.0,152.0,423.0999755859,-1.0,-1.0],"1":[580.0,153.0,424.0,-1.0,0.0],"2":[580.0,153.0,424.0,-1.0,0.0],"3":[580.0,153.0,424.0,-1.0,0.0],"4":[580.0,153.0,424.0,-1.0,0.0],"5":[4.0006637573,32.4069671631,150.289276123,33.4384765625,23.5518341064],"6":[4.0006637573,32.4069671631,150.289276123,33.4384765625,23.5518341064],"7":[4.0006637573,32.4069671631,150.289276123,33.4384765625,23.5518341064],"8":[4.0006637573,32.4069671631,150.289276123,33.4384765625,23.5518341064],"9":[4.0006637573,32.4069671631,150.289276123,33.4384765625,23.5518341064],"10":[4.0006637573,32.4069671631,150.289276123,33.4384765625,23.5518341064]},"runtime":{"0":35.2552204132,"1":75.730042696,"2":110.2631618977,"3":144.0090942383,"4":183.0438604355,"5":240.8525671959,"6":297.3190114498,"7":352.6031503677,"8":407.2320415974,"9":459.8692936897,"10":513.1079061031},"vars":{"0":[25.0,-25.0,-25.0,22.8999996185,-25.0],"1":[25.0,-25.0,-25.0,23.0,-25.0],"2":[25.0,-25.0,-25.0,23.0,-25.0],"3":[25.0,-25.0,-25.0,23.0,-25.0],"4":[25.0,-25.0,-25.0,23.0,-25.0],"5":[10.5250177383,-4.6452794075,-0.3744133413,0.7492415905,-9.5550289154],"6":[10.5250177383,-4.6452794075,-0.3744133413,0.7492415905,-9.5550289154],"7":[10.5250177383,-4.6452794075,-0.3744133413,0.7492415905,-9.5550289154],"8":[10.5250177383,-4.6452794075,-0.3744133413,0.7492415905,-9.5550289154],"9":[10.5250177383,-4.6452794075,-0.3744133413,0.7492415905,-9.5550289154],"10":[10.5250177383,-4.6452794075,-0.3744133413,0.7492415905,-9.5550289154]}}