{"J":{"0":-410.125,"1":-54.3189620972,"2":-54.3189620972,"3":-54.3189620972,"4":-54.3189620972,"5":-54.3189620972,"6":-54.3189620972,"7":-54.3189620972,"8":-54.3189620972,"9":-54.3189620972,"10":-54.3189620972,"11":-54.3189620972,"12":-54.3189620972,"13":-54.3189620972,"14":-54.3189620972},"f":{"0":[578.0,152.75,423.7750244141,-1.0,-0.25],"1":[9.5306777954,21.0433425903,95.6903381348,68.244644165,14.6697692871],"2":[9.5306777954,21.0433425903,95.6903381348,68.244644165,14.6697692871],"3":[9.5306777954,21.0433425903,95.6903381348,68.244644165,14.6697692871],"4":[9.5306777954,21.0433425903,95.6903381348,68.244644165,14.6697692871],"5":[9.5306777954,21.0433425903,95.6903381348,68.244644165,14.6697692871],"6":[9.5306777954,21.0433425903,95.6903381348,68.244644165,14.6697692871],"7":[9.5306777954,21.0433425903,95.6903381348,68.244644165,14.6697692871],"8":[9.5306777954,21.0433425903,95.6903381348,68.244644165,14.6697692871],"9":[9.5306777954,21.0433425903,95.6903381348,68.244644165,14.6697692871],"10":[9.5306777954,21.0433425903,95.6903381348,68.244644165,14.6697692871],"11":[9.5306777954,21.0433425903,95.6903381348,68.244644165,14.6697692871],"12":[9.5306777954,21.0433425903,95.6903381348,68.244644165,14.6697692871],"13":[9.5306777954,21.0433425903,95.6903381348,68.244644165,14.6697692871],"14":[9.5306777954,21.0433425903,95.6903381348,68.244644165,14.6697692871]},"runtime":{"0":31.8452601433,"1":64.7875640392,"2":97.9540030956,"3":134.333622694,"4":171.8068552017,"5":203.3749034405,"6":237.5677514076,"7":272.3851146698,"8":305.3179705143,"9":338.4341495037,"10":371.8159673214,"11":403.9824645519,"12":435.2842113972,"13":467.0582864285,"14":501.0996694565},"vars":{"0":[25.0,-25.0,-25.0,22.9750003815,-25.0],"1":[6.791613102,-2.9462413788,-0.245210588,0.4937596023,-6.0197629929],"2":[6.791613102,-2.9462413788,-0.245210588,0.4937596023,-6.0197629929],"3":[6.791613102,-2.9462413788,-0.245210588,0.4937596023,-6.0197629929],"4":[6.791613102,-2.9462413788,-0.245210588,0.4937596023,-6.0197629929],"5":[6.791613102,-2.9462413788,-0.245210588,0.4937596023,-6.0197629929],"6":[6.791613102,-2.9462413788,-0.245210588,0.4937596023,-6.0197629929],"7":[6.791613102,-2.9462413788,-0.245210588,0.4937596023,-6.0197629929],"8":[6.791613102,-2.9462413788,-0.245210588,0.4937596023,-6.0197629929],"9":[6.791613102,-2.9462413788,-0.245210588,0.4937596023,-6.0197629929],"10":[6.791613102,-2.9462413788,-0.245210588,0.4937596023,-6.0197629929],"11":[6.791613102,-2.9462413788,-0.245210588,0.4937596023,-6.0197629929],"12":[6.791613102,-2.9462413788,-0.245210588,0.4937596023,-6.0197629929],"13":[6.791613102,-2.9462413788,-0.245210588,0.4937596023,-6.0197629929],"14":[6.791613102,-2.9462413788,-0.245210588,0.4937596023,-6.0197629929]}}