{"J":{"0":-446.3155212402,"1":-410.0,"2":-410.0,"3":-410.0,"4":-410.0,"5":-410.0,"6":-410.0,"7":-410.0,"8":-410.0,"9":-167.8763122559,"10":-167.8763122559},"f":{"0":[-1.0482788086,80.3689727783,358.6320800781,-1.0,-5.0],"1":[579.9998779297,152.9999847412,424.0,-1.0,-0.0000152588],"2":[579.9998779297,152.9999847412,424.0,-1.0,-0.0000152588],"3":[580.0,153.0,424.0,-1.0,0.0],"4":[580.0003051758,153.0000305176,424.0000610352,-1.0,0.0000305176],"5":[580.0003051758,153.0000305176,424.0000610352,-1.0,0.0000305176],"6":[580.0003051758,153.0000305176,424.0000610352,-1.0,0.0000305176],"7":[580.0003051758,153.0000305176,424.0000610352,-1.0,0.0000305176],"8":[580.0001220703,153.0000152588,424.0,-1.0,0.0000152588],"9":[0.0926208496,61.1104507446,293.7103271484,5.5949554443,48.2931060791],"10":[0.0926208496,61.1104507446,293.7103271484,5.5949554443,48.2931060791]},"runtime":{"0":42.1660780907,"1":84.669747591,"2":132.8258416653,"3":184.5358943939,"4":234.4371407032,"5":282.2324261665,"6":330.6968514919,"7":380.2680220604,"8":430.1725537777,"9":483.2653136253,"10":531.638330698},"vars":{"0":[25.0,-25.0,-25.0,15.7368974686,-25.0],"1":[25.0,-25.0,-25.0,22.9999980927,-25.0],"2":[25.0,-25.0,-25.0,22.9999980927,-25.0],"3":[25.0,-25.0,-25.0,23.0,-25.0],"4":[25.0,-25.0,-25.0,23.0000038147,-25.0],"5":[25.0,-25.0,-25.0,23.0000038147,-25.0],"6":[25.0,-25.0,-25.0,23.0000038147,-25.0],"7":[25.0,-25.0,-25.0,23.0000038147,-25.0],"8":[25.0,-25.0,-25.0,23.0000019073,-25.0],"9":[20.2004356384,-9.0979642868,-0.5893236399,1.2313545942,-18.3467159271],"10":[20.2004356384,-9.0979642868,-0.5893236399,1.2313545942,-18.3467159271]}}