{"J":{"0":-446.4570922852},"f":{"0":[-3.313293457,80.0858459473,358.3772888184,-1.0,-5.0]},"runtime":{"0":104.4811649323},"vars":{"0":[25.0,-25.0,-25.0,15.7085847855,-25.0]}}