{"J":{"0":-410.125,"1":-54.3189620972,"2":-54.3189620972,"3":-54.3189620972,"4":-54.3189620972,"5":-54.3189620972,"6":-54.3189620972,"7":-54.3189620972,"8":-54.3189620972,"9":-54.3189620972,"10":-54.3189620972,"11":-54.3189620972,"12":-54.3189620972,"13":-54.3189620972,"14":-54.3189620972},"f":{"0":[578.0,152.75,423.7750244141,-1.0,-0.25],"1":[9.5306777954,21.0433425903,95.6903381348,68.244644165,14.6697692871],"2":[9.5306777954,21.0433425903,95.6903381348,68.244644165,14.6697692871],"3":[9.5306777954,21.0433425903,95.6903381348,68.244644165,14.6697692871],"4":[9.5306777954,21.0433425903,95.6903381348,68.244644165,14.6697692871],"5":[9.5306777954,21.0433425903,95.6903381348,68.244644165,14.6697692871],"6":[9.5306777954,21.0433425903,95.6903381348,68.244644165,14.6697692871],"7":[9.5306777954,21.0433425903,95.6903381348,68.244644165,14.6697692871],"8":[9.5306777954,21.0433425903,95.6903381348,68.244644165,14.6697692871],"9":[9.5306777954,21.0433425903,95.6903381348,68.244644165,14.6697692871],"10":[9.5306777954,21.0433425903,95.6903381348,68.244644165,14.6697692871],"11":[9.5306777954,21.0433425903,95.6903381348,68.244644165,14.6697692871],"12":[9.5306777954,21.0433425903,95.6903381348,68.244644165,14.6697692871],"13":[9.5306777954,21.0433425903,95.6903381348,68.244644165,14.6697692871],"14":[9.5306777954,21.0433425903,95.6903381348,68.244644165,14.6697692871]},"runtime":{"0":33.7617826462,"1":69.9710395336,"2":105.3411002159,"3":137.5966949463,"4":169.3652472496,"5":201.7425980568,"6":237.914680481,"7":276.4249110222,"8":315.7870054245,"9":348.8727869987,"10":380.453299284,"11":412.0446121693,"12":443.779258728,"13":480.9530158043,"14":517.7637314796},"vars":{"0":[25.0,-25.0,-25.0,22.9750003815,-25.0],"1":[6.791613102,-2.9462413788,-0.245210588,0.4937596023,-6.0197629929],"2":[6.791613102,-2.9462413788,-0.245210588,0.4937596023,-6.0197629929],"3":[6.791613102,-2.9462413788,-0.245210588,0.4937596023,-6.0197629929],"4":[6.791613102,-2.9462413788,-0.245210588,0.4937596023,-6.0197629929],"5":[6.791613102,-2.9462413788,-0.245210588,0.4937596023,-6.0197629929],"6":[6.791613102,-2.9462413788,-0.245210588,0.4937596023,-6.0197629929],"7":[6.791613102,-2.9462413788,-0.245210588,0.4937596023,-6.0197629929],"8":[6.791613102,-2.9462413788,-0.245210588,0.4937596023,-6.0197629929],"9":[6.791613102,-2.9462413788,-0.245210588,0.4937596023,-6.0197629929],"10":[6.791613102,-2.9462413788,-0.245210588,0.4937596023,-6.0197629929],"11":[6.791613102,-2.9462413788,-0.245210588,0.4937596023,-6.0197629929],"12":[6.791613102,-2.9462413788,-0.245210588,0.4937596023,-6.0197629929],"13":[6.791613102,-2.9462413788,-0.245210588,0.4937596023,-6.0197629929],"14":[6.791613102,-2.9462413788,-0.245210588,0.4937596023,-6.0197629929]}}