{"J":{"0":-410.1666870117,"1":-410.0,"2":-410.0,"3":-58.0741539001,"4":-58.0741539001,"5":-58.0741539001,"6":-58.0741539001,"7":-58.0741539001,"8":-58.0741539001,"9":-58.0741539001,"10":-58.0741539001,"11":-58.0741539001,"12":-58.0741539001},"f":{"0":[577.3332519531,152.6666564941,423.6999816895,-1.0,-0.3333435059],"1":[580.0001220703,153.0000152588,424.0,-1.0,0.0000152588],"2":[580.0001220703,153.0000152588,424.0,-1.0,0.0000152588],"3":[2.4156951904,21.2941169739,99.3807525635,17.4910888672,14.4039611816],"4":[2.4156951904,21.2941169739,99.3807525635,17.4910888672,14.4039611816],"5":[2.4156951904,21.2941169739,99.3807525635,17.4910888672,14.4039611816],"6":[2.4156951904,21.2941169739,99.3807525635,17.4910888672,14.4039611816],"7":[2.4156951904,21.2941169739,99.3807525635,17.4910888672,14.4039611816],"8":[2.4156951904,21.2941169739,99.3807525635,17.4910888672,14.4039611816],"9":[2.4156951904,21.2941169739,99.3807525635,17.4910888672,14.4039611816],"10":[2.4156951904,21.2941169739,99.3807525635,17.4910888672,14.4039611816],"11":[2.4156951904,21.2941169739,99.3807525635,17.4910888672,14.4039611816],"12":[2.4156951904,21.2941169739,99.3807525635,17.4910888672,14.4039611816]},"runtime":{"0":38.8536572456,"1":81.4533109665,"2":120.532463789,"3":158.8053264618,"4":195.8167309761,"5":238.9351649284,"6":281.3082106113,"7":323.1187031269,"8":366.0049159527,"9":408.2152881622,"10":450.8811707497,"11":493.0550272465,"12":534.7535376549},"vars":{"0":[25.0,-25.0,-25.0,22.9666652679,-25.0],"1":[25.0,-25.0,-25.0,23.0000019073,-25.0],"2":[25.0,-25.0,-25.0,23.0000019073,-25.0],"3":[7.1037077904,-3.1290979385,-0.2903389037,0.4909085929,-6.3631224632],"4":[7.1037077904,-3.1290979385,-0.2903389037,0.4909085929,-6.3631224632],"5":[7.1037077904,-3.1290979385,-0.2903389037,0.4909085929,-6.3631224632],"6":[7.1037077904,-3.1290979385,-0.2903389037,0.4909085929,-6.3631224632],"7":[7.1037077904,-3.1290979385,-0.2903389037,0.4909085929,-6.3631224632],"8":[7.1037077904,-3.1290979385,-0.2903389037,0.4909085929,-6.3631224632],"9":[7.1037077904,-3.1290979385,-0.2903389037,0.4909085929,-6.3631224632],"10":[7.1037077904,-3.1290979385,-0.2903389037,0.4909085929,-6.3631224632],"11":[7.1037077904,-3.1290979385,-0.2903389037,0.4909085929,-6.3631224632],"12":[7.1037077904,-3.1290979385,-0.2903389037,0.4909085929,-6.3631224632]}}