{"J":{"0":-410.25,"1":-410.0,"2":-403.6010131836,"3":-68.2187194824,"4":-68.2187194824,"5":-68.2187194824,"6":-68.2187194824,"7":-68.2187194824,"8":-68.2187194824,"9":-68.2187194824,"10":-68.2187194824,"11":-68.2187194824},"f":{"0":[576.0000610352,152.5,423.5500183105,-1.0,-0.5],"1":[580.0,153.0,424.0,-1.0,0.0],"2":[470.9802246094,134.8608703613,410.7684936523,-1.0,-0.0924835205],"3":[6.5940093994,25.8593139648,119.4273757935,54.494392395,18.4460678101],"4":[6.5940093994,25.8593139648,119.4273757935,54.494392395,18.4460678101],"5":[6.5940093994,25.8593139648,119.4273757935,54.494392395,18.4460678101],"6":[6.5940093994,25.8593139648,119.4273757935,54.494392395,18.4460678101],"7":[6.5940093994,25.8593139648,119.4273757935,54.494392395,18.4460678101],"8":[6.5940093994,25.8593139648,119.4273757935,54.494392395,18.4460678101],"9":[6.5940093994,25.8593139648,119.4273757935,54.494392395,18.4460678101],"10":[6.5940093994,25.8593139648,119.4273757935,54.494392395,18.4460678101],"11":[6.5940093994,25.8593139648,119.4273757935,54.494392395,18.4460678101]},"runtime":{"0":43.7565281391,"1":86.0284252167,"2":135.1966457367,"3":181.629232645,"4":224.1481361389,"5":262.532279253,"6":305.5746586323,"7":348.152089119,"8":392.4198219776,"9":434.0884666443,"10":474.3446979523,"11":516.7331187725},"vars":{"0":[25.0,-25.0,-25.0,22.9500007629,-25.0],"1":[25.0,-25.0,-25.0,23.0,-25.0],"2":[25.0,-25.0,-22.4219074249,20.6704673767,-25.0],"3":[8.4149198532,-3.6751580238,-0.3039136827,0.5804605484,-7.5352911949],"4":[8.4149198532,-3.6751580238,-0.3039136827,0.5804605484,-7.5352911949],"5":[8.4149198532,-3.6751580238,-0.3039136827,0.5804605484,-7.5352911949],"6":[8.4149198532,-3.6751580238,-0.3039136827,0.5804605484,-7.5352911949],"7":[8.4149198532,-3.6751580238,-0.3039136827,0.5804605484,-7.5352911949],"8":[8.4149198532,-3.6751580238,-0.3039136827,0.5804605484,-7.5352911949],"9":[8.4149198532,-3.6751580238,-0.3039136827,0.5804605484,-7.5352911949],"10":[8.4149198532,-3.6751580238,-0.3039136827,0.5804605484,-7.5352911949],"11":[8.4149198532,-3.6751580238,-0.3039136827,0.5804605484,-7.5352911949]}}