{"J":{"0":-410.0249938965,"1":-28.4638328552,"2":-28.4638328552,"3":-28.4638328552,"4":-28.4638328552,"5":-28.4638328552,"6":-28.4638328552,"7":-28.4638328552,"8":-28.4638328552},"f":{"0":[579.6000976562,152.950012207,423.9550170898,-1.0,-0.049987793],"1":[53.0428886414,18.0222396851,74.0436782837,375.7530212402,15.2610588074],"2":[53.0428886414,18.0222396851,74.0436782837,375.7530212402,15.2610588074],"3":[53.0428886414,18.0222396851,74.0436782837,375.7530212402,15.2610588074],"4":[53.0428886414,18.0222396851,74.0436782837,375.7530212402,15.2610588074],"5":[53.0428886414,18.0222396851,74.0436782837,375.7530212402,15.2610588074],"6":[53.0428886414,18.0222396851,74.0436782837,375.7530212402,15.2610588074],"7":[53.0428886414,18.0222396851,74.0436782837,375.7530212402,15.2610588074],"8":[53.0428886414,18.0222396851,74.0436782837,375.7530212402,15.2610588074]},"runtime":{"0":33.4597990513,"1":68.1703577042,"2":101.1648309231,"3":134.4982407093,"4":168.9659371376,"5":203.7503483295,"6":237.609793663,"7":270.76435709,"8":305.8871383667},"vars":{"0":[25.0,-25.0,-25.0,22.9950008392,-25.0],"1":[4.5124278069,-1.7029626369,0.0349780917,0.4675468802,-3.5349435806],"2":[4.5124278069,-1.7029626369,0.0349780917,0.4675468802,-3.5349435806],"3":[4.5124278069,-1.7029626369,0.0349780917,0.4675468802,-3.5349435806],"4":[4.5124278069,-1.7029626369,0.0349780917,0.4675468802,-3.5349435806],"5":[4.5124278069,-1.7029626369,0.0349780917,0.4675468802,-3.5349435806],"6":[4.5124278069,-1.7029626369,0.0349780917,0.4675468802,-3.5349435806],"7":[4.5124278069,-1.7029626369,0.0349780917,0.4675468802,-3.5349435806],"8":[4.5124278069,-1.7029626369,0.0349780917,0.4675468802,-3.5349435806]}}