{"J":{"0":-410.25,"1":-410.0,"2":-403.6010131836,"3":-68.2187194824,"4":-68.2187194824,"5":-68.2187194824,"6":-68.2187194824,"7":-68.2187194824,"8":-68.2187194824,"9":-68.2187194824,"10":-68.2187194824,"11":-68.2187194824,"12":-68.2187194824},"f":{"0":[576.0000610352,152.5,423.5500183105,-1.0,-0.5],"1":[580.0,153.0,424.0,-1.0,0.0],"2":[470.9802246094,134.8608703613,410.7684936523,-1.0,-0.0924835205],"3":[6.5940093994,25.8593139648,119.4273757935,54.494392395,18.4460678101],"4":[6.5940093994,25.8593139648,119.4273757935,54.494392395,18.4460678101],"5":[6.5940093994,25.8593139648,119.4273757935,54.494392395,18.4460678101],"6":[6.5940093994,25.8593139648,119.4273757935,54.494392395,18.4460678101],"7":[6.5940093994,25.8593139648,119.4273757935,54.494392395,18.4460678101],"8":[6.5940093994,25.8593139648,119.4273757935,54.494392395,18.4460678101],"9":[6.5940093994,25.8593139648,119.4273757935,54.494392395,18.4460678101],"10":[6.5940093994,25.8593139648,119.4273757935,54.494392395,18.4460678101],"11":[6.5940093994,25.8593139648,119.4273757935,54.494392395,18.4460678101],"12":[6.5940093994,25.8593139648,119.4273757935,54.494392395,18.4460678101]},"runtime":{"0":31.7643096447,"1":63.2359657288,"2":94.9269578457,"3":131.2421884537,"4":168.1307635307,"5":205.1140980721,"6":243.1125049591,"7":277.5059132576,"8":309.475579977,"9":343.7558073997,"10":422.1785473824,"11":472.7148275375,"12":512.6892797947},"vars":{"0":[25.0,-25.0,-25.0,22.9500007629,-25.0],"1":[25.0,-25.0,-25.0,23.0,-25.0],"2":[25.0,-25.0,-22.4219074249,20.6704673767,-25.0],"3":[8.4149198532,-3.6751580238,-0.3039136827,0.5804605484,-7.5352911949],"4":[8.4149198532,-3.6751580238,-0.3039136827,0.5804605484,-7.5352911949],"5":[8.4149198532,-3.6751580238,-0.3039136827,0.5804605484,-7.5352911949],"6":[8.4149198532,-3.6751580238,-0.3039136827,0.5804605484,-7.5352911949],"7":[8.4149198532,-3.6751580238,-0.3039136827,0.5804605484,-7.5352911949],"8":[8.4149198532,-3.6751580238,-0.3039136827,0.5804605484,-7.5352911949],"9":[8.4149198532,-3.6751580238,-0.3039136827,0.5804605484,-7.5352911949],"10":[8.4149198532,-3.6751580238,-0.3039136827,0.5804605484,-7.5352911949],"11":[8.4149198532,-3.6751580238,-0.3039136827,0.5804605484,-7.5352911949],"12":[8.4149198532,-3.6751580238,-0.3039136827,0.5804605484,-7.5352911949]}}