{"J":{"0":-410.1666870117},"f":{"0":[577.3332519531,152.6666564941,423.6999816895,-1.0,-0.3333435059]},"runtime":{"0":35.8297352791},"vars":{"0":[25.0,-25.0,-25.0,22.9666652679,-25.0]}}