{"J":{"0":-410.5},"f":{"0":[572.0,152.0,423.0999755859,-1.0,-1.0]},"runtime":{"0":45.0160007477},"vars":{"0":[25.0,-25.0,-25.0,22.8999996185,-25.0]}}