{"J":{"0":-410.25},"f":{"0":[576.0000610352,152.5,423.5500183105,-1.0,-0.5]},"runtime":{"0":48.2434339523},"vars":{"0":[25.0,-25.0,-25.0,22.9500007629,-25.0]}}