{"J":{"0":-446.3155212402},"f":{"0":[-1.0482788086,80.3689727783,358.6320800781,-1.0,-5.0]},"runtime":{"0":63.89762187},"vars":{"0":[25.0,-25.0,-25.0,15.7368974686,-25.0]}}