{"J":{"0":-410.125},"f":{"0":[578.0,152.75,423.7750244141,-1.0,-0.25]},"runtime":{"0":32.5732147694},"vars":{"0":[25.0,-25.0,-25.0,22.9750003815,-25.0]}}