{"J":{"0":-410.0249938965},"f":{"0":[579.6000976562,152.950012207,423.9550170898,-1.0,-0.049987793]},"runtime":{"0":34.910722971},"vars":{"0":[25.0,-25.0,-25.0,22.9950008392,-25.0]}}