{"J":{"0":2.5800004005,"1":2.5999999046,"2":2.5999999046,"3":2.5999999046,"4":2.5999999046,"5":2.5999999046,"6":2.5999999046},"f":{"0":[-0.039999485,-0.0199995041],"1":[0.0,0.0],"2":[0.0,0.0],"3":[0.0,0.0],"4":[0.0,0.0],"5":[0.0,0.0],"6":[0.0,0.0]},"runtime":{"0":16.4367763996,"1":32.2975258827,"2":47.0012526512,"3":63.2665493488,"4":79.6994080544,"5":98.7141902447,"6":113.1494829655},"vars":{"0":[1.2000000477,1.3800002337],"1":[1.1999999285,1.3999999762],"2":[1.1999999285,1.3999999762],"3":[1.1999999285,1.3999999762],"4":[1.1999999285,1.3999999762],"5":[1.1999999285,1.3999999762],"6":[1.1999999285,1.3999999762]}}