{"J":{"0":2.501844883,"1":2.5981564522,"2":2.5994491577,"3":2.6001739502,"4":2.6001739502,"5":2.6001739502,"6":2.6001739502,"7":2.6001739502,"8":2.6001739502,"9":2.6001739502,"10":2.6001739502,"11":2.6001739502,"12":2.6001739502,"13":2.6001739502,"14":2.6001739502,"15":2.6001739502,"16":2.6001739502,"17":2.6001739502},"f":{"0":[-0.1973166466,-0.0961427689],"1":[-0.0026817322,-0.0038547516],"2":[-0.0008015633,-0.0011520386],"3":[0.0002527237,0.0003633499],"4":[0.0002527237,0.0003633499],"5":[0.0002527237,0.0003633499],"6":[0.0002527237,0.0003633499],"7":[0.0002527237,0.0003633499],"8":[0.0002527237,0.0003633499],"9":[0.0002527237,0.0003633499],"10":[0.0002527237,0.0003633499],"11":[0.0002527237,0.0003633499],"12":[0.0002527237,0.0003633499],"13":[0.0002527237,0.0003633499],"14":[0.0002527237,0.0003633499],"15":[0.0002527237,0.0003633499],"16":[0.0002527237,0.0003633499],"17":[0.0002527237,0.0003633499]},"runtime":{"0":25.5057837963,"1":56.1716451645,"2":86.2334945202,"3":116.8428432941,"4":147.4649000168,"5":178.6162786484,"6":205.0878865719,"7":230.8079257011,"8":256.1485414505,"9":281.320161581,"10":308.1397984028,"11":337.4440751076,"12":367.8362565041,"13":397.9925847054,"14":428.2797524929,"15":458.1935243607,"16":489.7993323803,"17":515.1570122242},"vars":{"0":[1.2010060549,1.3008387089],"1":[1.1989945173,1.3991619349],"2":[1.1996995211,1.3997495174],"3":[1.2000946999,1.4000791311],"4":[1.2000946999,1.4000791311],"5":[1.2000946999,1.4000791311],"6":[1.2000946999,1.4000791311],"7":[1.2000946999,1.4000791311],"8":[1.2000946999,1.4000791311],"9":[1.2000946999,1.4000791311],"10":[1.2000946999,1.4000791311],"11":[1.2000946999,1.4000791311],"12":[1.2000946999,1.4000791311],"13":[1.2000946999,1.4000791311],"14":[1.2000946999,1.4000791311],"15":[1.2000946999,1.4000791311],"16":[1.2000946999,1.4000791311],"17":[1.2000946999,1.4000791311]}}