{"J":{"0":2.3999991417,"1":2.5999999046,"2":2.6000008583,"3":2.6000008583,"4":2.6000008583,"5":2.6000008583,"6":2.6000008583,"7":2.6000008583,"8":2.6000008583,"9":2.6000008583,"10":2.6000008583,"11":2.6000008583,"12":2.6000008583,"13":2.6000008583,"14":2.6000008583,"15":2.6000008583,"16":2.6000008583,"17":2.6000008583},"f":{"0":[-0.400001049,-0.2000017166],"1":[0.0,-0.0000004768],"2":[0.0000014305,0.0000019073],"3":[0.0000014305,0.0000019073],"4":[0.0000014305,0.0000019073],"5":[0.0000014305,0.0000019073],"6":[0.0000014305,0.0000019073],"7":[0.0000014305,0.0000019073],"8":[0.0000014305,0.0000019073],"9":[0.0000014305,0.0000019073],"10":[0.0000014305,0.0000019073],"11":[0.0000014305,0.0000019073],"12":[0.0000014305,0.0000019073],"13":[0.0000014305,0.0000019073],"14":[0.0000014305,0.0000019073],"15":[0.0000014305,0.0000019073],"16":[0.0000014305,0.0000019073],"17":[0.0000014305,0.0000019073]},"runtime":{"0":28.9437909126,"1":58.2669813633,"2":89.2094695568,"3":118.6934063435,"4":150.0327496529,"5":175.8317406178,"6":202.3809218407,"7":227.8098258972,"8":254.256098032,"9":284.85141325,"10":314.7452859879,"11":344.024408102,"12":373.8776810169,"13":404.4948141575,"14":431.3042535782,"15":457.386436224,"16":483.0913817883,"17":509.6918439865},"vars":{"0":[1.1999996901,1.1999995708],"1":[1.1999998093,1.4000002146],"2":[1.2000004053,1.400000453],"3":[1.2000004053,1.400000453],"4":[1.2000004053,1.400000453],"5":[1.2000004053,1.400000453],"6":[1.2000004053,1.400000453],"7":[1.2000004053,1.400000453],"8":[1.2000004053,1.400000453],"9":[1.2000004053,1.400000453],"10":[1.2000004053,1.400000453],"11":[1.2000004053,1.400000453],"12":[1.2000004053,1.400000453],"13":[1.2000004053,1.400000453],"14":[1.2000004053,1.400000453],"15":[1.2000004053,1.400000453],"16":[1.2000004053,1.400000453],"17":[1.2000004053,1.400000453]}}