{"J":{"0":1.6000000238,"1":2.5999999046,"2":2.5999999046,"3":2.5999999046,"4":2.5999999046,"5":2.5999999046,"6":2.5999999046,"7":2.5999999046,"8":2.5999999046,"9":2.5999999046,"10":2.5999999046,"11":2.5999999046,"12":2.5999999046,"13":2.5999999046,"14":2.5999999046,"15":2.5999999046,"16":2.5999999046,"17":2.5999999046},"f":{"0":[-2.0,-1.0],"1":[0.0,0.0],"2":[0.0,0.0],"3":[0.0,0.0],"4":[0.0,0.0],"5":[0.0,0.0],"6":[0.0,0.0],"7":[0.0,0.0],"8":[0.0,0.0],"9":[0.0,0.0],"10":[0.0,0.0],"11":[0.0,0.0],"12":[0.0,0.0],"13":[0.0,0.0],"14":[0.0,0.0],"15":[0.0,0.0],"16":[0.0,0.0],"17":[0.0,0.0]},"runtime":{"0":28.9974956512,"1":60.0533192158,"2":87.549798727,"3":117.113812685,"4":142.8074748516,"5":169.4746880531,"6":200.1841752529,"7":231.6128296852,"8":261.4256100655,"9":291.5221090317,"10":319.7313668728,"11":345.5111114979,"12":371.3801212311,"13":397.3503167629,"14":425.7193713188,"15":454.8821060658,"16":484.0017569065,"17":512.7219102383},"vars":{"0":[1.1999999285,0.4000000656],"1":[1.2000001669,1.3999998569],"2":[1.2000001669,1.3999998569],"3":[1.2000001669,1.3999998569],"4":[1.2000001669,1.3999998569],"5":[1.2000001669,1.3999998569],"6":[1.2000001669,1.3999998569],"7":[1.2000001669,1.3999998569],"8":[1.2000001669,1.3999998569],"9":[1.2000001669,1.3999998569],"10":[1.2000001669,1.3999998569],"11":[1.2000001669,1.3999998569],"12":[1.2000001669,1.3999998569],"13":[1.2000001669,1.3999998569],"14":[1.2000001669,1.3999998569],"15":[1.2000001669,1.3999998569],"16":[1.2000001669,1.3999998569],"17":[1.2000001669,1.3999998569]}}