{"J":{"0":0.0,"1":0.0,"2":0.3080312014,"3":1.4118390083,"4":1.7193619013,"5":1.8527345657,"6":1.9709025621},"f":{"0":[-4.0,-5.0],"1":[-4.0,-5.0],"2":[-3.6919689178,-4.0759062767],"3":[-2.5881609917,-0.764482975],"4":[-2.2806382179,0.1580858231],"5":[-2.1472654343,0.5582036972],"6":[-2.0290975571,0.9127078056]},"runtime":{"0":16.3073735237,"1":31.5737211704,"2":46.2195262909,"3":62.287694931,"4":76.8137154579,"5":92.7708826065,"6":107.3515894413},"vars":{"0":[0.0,0.0],"1":[0.0,0.0],"2":[0.3080312014,0.0],"3":[1.4118390083,0.0],"4":[1.7193619013,0.0],"5":[1.8527345657,0.0],"6":[1.9709025621,0.0]}}