{"J":{"0":1.6000000238},"f":{"0":[-2.0,-1.0]},"runtime":{"0":31.3486311436},"vars":{"0":[1.1999999285,0.4000000656]}}