{"J":{"0":2.3999991417},"f":{"0":[-0.400001049,-0.2000017166]},"runtime":{"0":28.3689000607},"vars":{"0":[1.1999996901,1.1999995708]}}