{"J":{"0":2.501844883},"f":{"0":[-0.1973166466,-0.0961427689]},"runtime":{"0":26.5875360966},"vars":{"0":[1.2010060549,1.3008387089]}}