{"J":{"0":2.465157032},"f":{"0":[-0.2688055038,-0.1366033554]},"runtime":{"0":25.5992460251},"vars":{"0":[1.1991196871,1.2660373449]}}