{"J":{"0":2.2000002861},"f":{"0":[-0.7999997139,-0.3999996185]},"runtime":{"0":30.5966105461},"vars":{"0":[1.2000000477,1.0000001192]}}