{"J":{"0":2.5800004005},"f":{"0":[-0.039999485,-0.0199995041]},"runtime":{"0":16.3374683857},"vars":{"0":[1.2000000477,1.3800002337]}}