{"J":{"0":0.3645966053,"1":0.504630208,"2":0.50627321,"3":0.5067304969,"4":0.5068992972,"5":0.5069715381,"6":0.5070055127,"7":0.5070226192,"8":0.5070315599,"9":0.5070366263,"10":0.5070394874,"11":0.5070411563,"12":0.50704211,"13":0.507042706,"14":0.5070430636,"15":0.5070433021,"16":0.5070434809,"17":0.5070436001},"f":{"0":[-0.2857142687,-0.1121056974],"1":[0.0,-0.0127778947],"2":[0.0,-0.0040562749],"3":[0.0,-0.0016463995],"4":[0.0,-0.0007588267],"5":[0.0,-0.0003790557],"6":[0.0,-0.0002005696],"7":[0.0,-0.000110954],"8":[-0.0000001192,-0.0000635386],"9":[0.0000001192,-0.0000374615],"10":[0.0000001192,-0.0000224113],"11":[0.0000001192,-0.0000139475],"12":[0.0000001192,-0.0000086129],"13":[0.0000001192,-0.0000055432],"14":[0.0000001192,-0.0000036359],"15":[0.0000001192,-0.000002414],"16":[0.0000001192,-0.0000014901],"17":[0.0000001192,-0.0000010133]},"runtime":{"0":28.3771603107,"1":55.7986242771,"2":84.1283774376,"3":111.2209169865,"4":138.4005558491,"5":167.4263801575,"6":195.4957692623,"7":223.4603056908,"8":251.4064986706,"9":280.1619000435,"10":308.6964039803,"11":338.4329798222,"12":366.0144233704,"13":394.0914959908,"14":421.4909582138,"15":448.97701931,"16":476.0355744362,"17":504.0230805874},"vars":{"0":[0.349689126,0.0149074746],"1":[0.4953698516,0.0092603518],"2":[0.4937268198,0.0125463689],"3":[0.4932695329,0.0134609351],"4":[0.4931007326,0.013798546],"5":[0.4930284619,0.0139431041],"6":[0.4929944873,0.0140110534],"7":[0.4929774106,0.0140451966],"8":[0.4929683208,0.014063267],"9":[0.4929634631,0.0140731921],"10":[0.492960602,0.0140789021],"11":[0.4929589927,0.014082144],"12":[0.4929579794,0.0140841566],"13":[0.4929573834,0.014085344],"14":[0.492956996,0.0140860835],"15":[0.4929567575,0.0140865482],"16":[0.4929566085,0.0140868789],"17":[0.4929565191,0.0140870735]}}