{"J":{"0":0.399620831,"1":0.5055189133,"2":0.5065940619,"3":0.5068708062,"4":0.5069676042,"5":0.507007122,"6":0.5070250034,"7":0.5070337653,"8":0.5070381761,"9":0.5070405602,"10":0.5070419312,"11":0.507042706,"12":0.5070431232,"13":0.5070433617,"14":0.5070435405,"15":0.5070435405,"16":0.5070436597,"17":0.5070437193,"18":0.5070437789},"f":{"0":[-0.2142856717,-0.0861873925],"1":[-0.0000001788,-0.0080476999],"2":[0.0000001192,-0.0023646951],"3":[0.0000001192,-0.0009085834],"4":[0.0000002384,-0.0004004538],"5":[0.0000002384,-0.0001926124],"6":[0.0000001192,-0.0000985861],"7":[0.0000001192,-0.0000528395],"8":[0.0000001192,-0.0000295043],"9":[0.0000001192,-0.0000168681],"10":[0.0000001192,-0.000009805],"11":[0.0000002384,-0.0000059009],"12":[0.0000001192,-0.0000036359],"13":[0.0000001192,-0.0000023842],"14":[0.0000001192,-0.0000014901],"15":[0.0,-0.0000010431],"16":[0.0000001192,-0.000000447],"17":[0.0000001192,-0.0000004172],"18":[0.0000002384,-0.0000001788]},"runtime":{"0":27.0442402363,"1":55.0503132343,"2":82.6650681496,"3":112.5564968586,"4":139.7893292904,"5":167.0936253071,"6":194.1531586647,"7":222.4827699661,"8":250.6223106384,"9":279.8854115009,"10":307.1367280483,"11":335.4864761829,"12":362.8105278015,"13":390.0149297714,"14":417.5081827641,"15":444.8375246525,"16":472.4647674561,"17":499.5925633907,"18":526.8596756458},"vars":{"0":[0.3860934973,0.0135273421],"1":[0.4944809377,0.0110379485],"2":[0.4934060574,0.0131880222],"3":[0.4931292832,0.0137415454],"4":[0.4930326641,0.0139349168],"5":[0.4929930568,0.014014069],"6":[0.4929751158,0.0140498942],"7":[0.4929664135,0.0140673267],"8":[0.4929619431,0.0140762143],"9":[0.492959559,0.0140810171],"10":[0.4929581881,0.0140837217],"11":[0.4929575026,0.0140851764],"12":[0.4929570556,0.0140860463],"13":[0.4929567873,0.0140865482],"14":[0.4929566383,0.0140868751],"15":[0.4929564893,0.014087053],"16":[0.4929563999,0.0140872886],"17":[0.4929564297,0.0140872924],"18":[0.4929563999,0.0140873799]}}