{"J":{"0":0.0905014649,"1":0.4955504537,"2":0.5037036538,"3":0.5067124963,"4":0.5081363916,"5":0.508893013,"6":0.5093250871},"f":{"0":[-0.8571428061,-0.2978831828],"1":[-0.0088990927,-0.0413893461],"2":[0.0070623159,-0.0341641605],"3":[0.0070623159,-0.0178354383],"4":[0.0070627928,-0.0102233291],"5":[0.0070627928,-0.0062078834],"6":[0.0070627928,-0.0039243698]},"runtime":{"0":14.7042498589,"1":29.4519002438,"2":44.8127524853,"3":60.5637302399,"4":76.5404672623,"5":91.597982645,"6":106.0361404419},"vars":{"0":[0.0523557663,0.0381456986],"1":[0.4955504537,0.0],"2":[0.5033586025,0.0003450729],"3":[0.5003498197,0.0063627004],"4":[0.4989263415,0.0092100566],"5":[0.49816975,0.0107232789],"6":[0.4977376759,0.0115873888]}}