{"J":{"0":0.0,"1":0.0,"2":0.0,"3":0.0,"4":0.0,"5":0.0,"6":0.0},"f":{"0":[-1.0,-0.5],"1":[-1.0,-0.5],"2":[-1.0,-0.5],"3":[-1.0,-0.5],"4":[-1.0,-0.5],"5":[-1.0,-0.5],"6":[-1.0,-0.5]},"runtime":{"0":14.7003881931,"1":30.4111845493,"2":44.5991113186,"3":59.9672734737,"4":74.0964839458,"5":88.7136838436,"6":104.5221538544},"vars":{"0":[0.0,0.0],"1":[0.0,0.0],"2":[0.0,0.0],"3":[0.0,0.0],"4":[0.0,0.0],"5":[0.0,0.0],"6":[0.0,0.0]}}