{"J":{"0":0.0905014351,"1":0.4955503643,"2":0.5037041306,"3":0.5067129135,"4":0.5081366897,"5":0.5088932514,"6":0.5093253255,"7":0.5095846653,"8":0.5097462535,"9":0.509849906,"10":0.5099179745,"11":0.509963572,"12":0.5099946856,"13":0.5100162029,"14":0.5100312233,"15":0.5100418925,"16":0.5100495219,"17":0.5100550056},"f":{"0":[-0.8571428657,-0.297883153],"1":[-0.0088992715,-0.0413894355],"2":[0.0070633888,-0.0341642201],"3":[0.0070632696,-0.0178355873],"4":[0.0070633888,-0.0102232397],"5":[0.0070632696,-0.0062079132],"6":[0.0070633888,-0.0039244592],"7":[0.0070632696,-0.0025570989],"8":[0.0070633888,-0.0017063022],"9":[0.0070632696,-0.0011610985],"10":[0.0070632696,-0.000803113],"11":[0.0070632696,-0.0005633533],"12":[0.0070632696,-0.000400126],"13":[0.0070632696,-0.0002870858],"14":[0.0070632696,-0.0002080798],"15":[0.0070633888,-0.0001521707],"16":[0.0070632696,-0.0001122057],"17":[0.0070632696,-0.0000832081]},"runtime":{"0":27.9666490555,"1":56.5227453709,"2":85.0068306923,"3":113.0345556736,"4":140.8116457462,"5":169.1970701218,"6":196.0348455906,"7":223.8943617344,"8":251.6315162182,"9":279.9688634872,"10":307.9322397709,"11":334.7243447304,"12":362.520950079,"13":391.0179238319,"14":418.0747389793,"15":445.1843554974,"16":472.985496521,"17":500.2056033611},"vars":{"0":[0.0523557179,0.0381457172],"1":[0.4955503643,0.0],"2":[0.5033592582,0.0003448747],"3":[0.5003503561,0.0063625327],"4":[0.4989266992,0.0092099831],"5":[0.498170048,0.0107232025],"6":[0.4977380335,0.0115872854],"7":[0.4974786639,0.0121059725],"8":[0.4973171055,0.0124291275],"9":[0.4972134233,0.0126364566],"10":[0.4971453249,0.0127726495],"11":[0.4970996976,0.0128638921],"12":[0.4970686436,0.0129260365],"13":[0.4970471263,0.0129690543],"14":[0.4970320761,0.0129991723],"15":[0.4970214367,0.0130204568],"16":[0.4970138073,0.0130357062],"17":[0.4970082939,0.0130467396]}}