{"J":{"0":0.2952628136,"1":0.5026412606,"2":0.5054531097,"3":0.5063354373,"4":0.5066918135,"5":0.5068560243,"6":0.5069384575,"7":0.5069823861,"8":0.5070068836,"9":0.5070210099,"10":0.5070294142,"11":0.5070345402,"12":0.5070377588,"13":0.5070397854,"14":0.5070410967,"15":0.5070419312,"16":0.5070425272,"17":0.5070428848},"f":{"0":[-0.4285714626,-0.1613613963],"1":[0.0,-0.0234672725],"2":[0.0,-0.0083972216],"3":[0.0000001192,-0.0037280023],"4":[0.0000001192,-0.0018502176],"5":[0.0000001192,-0.0009861887],"6":[0.0,-0.0005529821],"7":[0.0000001192,-0.0003223419],"8":[0.0000001192,-0.0001938343],"9":[0.0000001192,-0.0001195371],"10":[0.0,-0.0000752807],"11":[0.0,-0.00004825],"12":[0.0000001192,-0.0000314415],"13":[0.0,-0.0000207424],"14":[0.0,-0.0000139177],"15":[0.0,-0.0000094473],"16":[0.0000001192,-0.0000064671],"17":[0.0,-0.0000043213]},"runtime":{"0":28.0321989059,"1":55.1025624275,"2":82.7539045811,"3":111.3626732826,"4":138.704688549,"5":168.7562930584,"6":196.2875778675,"7":226.4471347332,"8":254.2276053429,"9":285.6435475349,"10":313.8401985168,"11":341.4348351955,"12":369.068706274,"13":396.8603391647,"14":423.8256745338,"15":452.1947057247,"16":479.5628552437,"17":507.3987438679},"vars":{"0":[0.2761657536,0.01909706],"1":[0.4973587692,0.0052824896],"2":[0.4945469201,0.0109061878],"3":[0.4936646521,0.0126707768],"4":[0.4933083057,0.0133834891],"5":[0.4931440353,0.0137120159],"6":[0.4930615723,0.0138768759],"7":[0.4930177033,0.0139646893],"8":[0.4929932356,0.0140136397],"9":[0.4929790795,0.0140419295],"10":[0.4929706156,0.0140587948],"11":[0.4929654598,0.0140690999],"12":[0.4929623008,0.0140754739],"13":[0.4929602444,0.0140795512],"14":[0.4929589331,0.0140821701],"15":[0.4929580688,0.0140838679],"16":[0.4929575324,0.0140850088],"17":[0.4929570854,0.0140858153]}}