{"J":{"0":0.295262754,"1":0.502641201,"2":0.5054531097,"3":0.5063354373,"4":0.5066918135,"5":0.5068560243},"f":{"0":[-0.4285715222,-0.1613613963],"1":[-0.0000001788,-0.0234671533],"2":[0.0000001192,-0.008397311],"3":[0.0000001192,-0.0037278831],"4":[0.0000001192,-0.0018501282],"5":[0.0000001192,-0.0009861887]},"runtime":{"0":14.2349660397,"1":35.1461613178,"2":55.6434729099,"3":75.6466038227,"4":91.7088525295,"5":106.1526525021},"vars":{"0":[0.276165694,0.019097073],"1":[0.49735865,0.0052825366],"2":[0.4945469499,0.0109061636],"3":[0.4936646223,0.0126708178],"4":[0.4933083057,0.0133835003],"5":[0.4931440353,0.0137120113]}}