{"J":{"0":0.4851771295,"1":0.5069596767,"2":0.507024765,"3":0.50703758,"4":0.5070413351,"5":0.507042706,"6":0.5070433021},"f":{"0":[-0.0428571701,-0.0185951293],"1":[0.0,-0.0004413128],"2":[0.0000001192,-0.0000996888],"3":[0.0,-0.0000322759],"4":[0.0,-0.0000124574],"5":[0.0,-0.0000053644],"6":[0.0000001192,-0.0000025034]},"runtime":{"0":21.3676087856,"1":36.1124482155,"2":50.5399916172,"3":67.0138361454,"4":81.2658953667,"5":96.2034242153,"6":110.8820309639},"vars":{"0":[0.4719657302,0.0132113956],"1":[0.4930402935,0.0139194047],"2":[0.4929752946,0.0140494723],"3":[0.4929624498,0.0140751582],"4":[0.4929586351,0.0140827242],"5":[0.4929573238,0.0140853999],"6":[0.4929567873,0.0140864998]}}