{"J":{"0":0.0,"1":0.0517145209,"2":0.3204119802,"3":0.4433490038,"4":0.4794971049,"5":0.4929797351,"6":0.4989024997},"f":{"0":[-1.0,-0.5],"1":[-0.9482854605,-0.2960427999],"2":[-0.3902035952,-0.1085641086],"3":[-0.1196514368,-0.0679639876],"4":[-0.0442756414,-0.0463339388],"5":[-0.0183831453,-0.0331712961],"6":[-0.0082665682,-0.0245279968]},"runtime":{"0":14.7039027214,"1":30.0687432289,"2":45.2182416916,"3":60.9028480053,"4":76.3536164761,"5":90.9692220688,"6":106.2580244541},"vars":{"0":[0.0,0.0],"1":[0.0,0.0517145209],"2":[0.2893844247,0.0310275536],"3":[0.4369995594,0.0063494337],"4":[0.4762272239,0.0032698857],"5":[0.4886371195,0.0043426226],"6":[0.4928309321,0.0060715615]}}