{"J":{"0":0.0905014649},"f":{"0":[-0.8571428061,-0.2978831828]},"runtime":{"0":17.544895649},"vars":{"0":[0.0523557663,0.0381456986]}}