{"J":{"0":0.2952628136},"f":{"0":[-0.4285714626,-0.1613613963]},"runtime":{"0":49.9617364407},"vars":{"0":[0.2761657536,0.01909706]}}