{"J":{"0":0.3645966053},"f":{"0":[-0.2857142687,-0.1121056974]},"runtime":{"0":29.3564178944},"vars":{"0":[0.349689126,0.0149074746]}}