{"J":{"0":0.0905014351},"f":{"0":[-0.8571428657,-0.297883153]},"runtime":{"0":29.1513183117},"vars":{"0":[0.0523557179,0.0381457172]}}