{"J":{"0":0.399620831},"f":{"0":[-0.2142856717,-0.0861873925]},"runtime":{"0":28.5132677555},"vars":{"0":[0.3860934973,0.0135273421]}}