{"J":{"0":0.4851771295},"f":{"0":[-0.0428571701,-0.0185951293]},"runtime":{"0":22.5242397785},"vars":{"0":[0.4719657302,0.0132113956]}}