{"J":{"0":2.5,"1":2.5495536327,"2":2.5795812607,"3":2.5934398174,"4":2.5985836983,"5":2.599255085,"6":2.5997786522,"7":2.59998703,"8":2.6004872322,"9":2.5999116898,"10":2.5999474525,"11":2.5998592377,"12":2.6000328064,"13":2.5999121666,"14":2.6000134945,"15":2.602247715,"16":2.5995209217,"17":2.5999436378},"f":{"0":[-0.1999998093,-0.0999999046],"1":[-0.1006698608,-0.0508918762],"2":[-0.0405488014,-0.0209951401],"3":[-0.0132796764,-0.0062417984],"4":[-0.0032076836,-0.0006656647],"5":[-0.0014343262,-0.0008559227],"6":[-0.0004191399,-0.0002684593],"7":[-0.0000422001,0.0000200272],"8":[0.0007252693,0.0009851456],"9":[-0.0001339912,-0.0001740456],"10":[-0.0000786781,-0.0001049042],"11":[-0.0002112389,-0.0002808571],"12":[0.0000495911,0.0000653267],"13":[-0.0001318455,-0.0001759529],"14":[0.0000200272,0.0000267029],"15":[0.0033717155,0.0044956207],"16":[-0.0007185936,-0.0009584427],"17":[-0.000084877,-0.0001125336]},"runtime":{"0":26.8163833618,"1":54.466291666,"2":82.4521348476,"3":115.5917041302,"4":148.6732757092,"5":177.5941615105,"6":205.7612879276,"7":232.5154380798,"8":260.3906953335,"9":287.9514601231,"10":315.9953804016,"11":342.9674401283,"12":370.234498024,"13":397.6435410976,"14":427.4671349525,"15":457.6018052101,"16":496.935179472,"17":537.6886303425},"vars":{"0":[1.1999999285,1.3000000715],"1":[1.1997771263,1.3497765064],"2":[1.1997116804,1.3798696995],"3":[1.2001593113,1.3932805061],"4":[1.2003753185,1.398208499],"5":[1.1999444962,1.3993105888],"6":[1.1999764442,1.3998022079],"7":[1.2000164986,1.3999706507],"8":[1.2002490759,1.4002380371],"9":[1.1999571323,1.3999544382],"10":[1.1999739408,1.3999736309],"11":[1.1999298334,1.3999295235],"12":[1.2000161409,1.4000166655],"13":[1.1999559402,1.3999561071],"14":[1.2000067234,1.4000067711],"15":[1.2011238337,1.4011240005],"16":[1.1997603178,1.3997606039],"17":[1.1999719143,1.3999716043]}}