{"J":{"0":2.5,"1":2.5500080585,"2":2.58020401,"3":2.5931277275,"4":2.5983848572,"5":2.5991930962,"6":2.5997819901,"7":2.6012091637,"8":2.5996227264,"9":2.5999252796,"10":2.5999112129,"11":2.6001689434,"12":2.5999670029,"13":2.5998864174,"14":2.5994930267,"15":2.6001019478,"16":2.6004235744},"f":{"0":[-0.2000002861,-0.0999999046],"1":[-0.0999877453,-0.0499839783],"2":[-0.0396151543,-0.0197491646],"3":[-0.0137481689,-0.0068655014],"4":[-0.0035061836,-0.0010638237],"5":[-0.001527071,-0.0009799004],"6":[-0.0004141331,-0.0002617836],"7":[0.0017905235,0.0024642944],"8":[-0.0005712509,-0.0007433891],"9":[-0.0001134872,-0.0001468658],"10":[-0.000133276,-0.0001769066],"11":[0.0002532005,0.0003380775],"12":[-0.0000495911,-0.0000662804],"13":[-0.0001702309,-0.0002269745],"14":[-0.0007605553,-0.0010137558],"15":[0.0001535416,0.0002036095],"16":[0.0006351471,0.0008473396]},"runtime":{"0":27.4103708267,"1":54.4414954185,"2":81.5813820362,"3":110.059664011,"4":137.7138581276,"5":169.0497398376,"6":196.7670061588,"7":226.538184166,"8":253.1410207748,"9":282.8146898746,"10":310.3114197254,"11":339.7698872089,"12":368.2495472431,"13":395.412009716,"14":422.5676445961,"15":449.1762621403,"16":506.1518986225},"vars":{"0":[1.2000000477,1.2999998331],"1":[1.2000038624,1.3500041962],"2":[1.2000232935,1.3801808357],"3":[1.2000033855,1.3931242228],"4":[1.2002757788,1.3981090784],"5":[1.1999135017,1.3992797136],"6":[1.1999781132,1.3998038769],"7":[1.2006274462,1.4005815983],"8":[1.199816823,1.3998060226],"9":[1.1999639273,1.3999613523],"10":[1.1999559402,1.3999553919],"11":[1.2000845671,1.4000843763],"12":[1.1999834776,1.3999834061],"13":[1.1999433041,1.3999432325],"14":[1.1997466087,1.399746418],"15":[1.2000508308,1.4000512362],"16":[1.2002118826,1.4002116919]}}