{"final/pm_lb_runtime":[19.42757749557495],"final/ipdd_variables":[[0.3785671889781952,0.4201582670211792],[0.059876590967178345,0.43635326623916626],[0.0732007771730423,0.4796859920024872],[0.07897070050239563,0.4983551502227783],[0.08099859952926636,0.5050720572471619],[0.08168841898441315,0.5072875022888184]],"final/pm_ub_variables":[[3.1418302059173584,-0.821221649646759]],"final/pm_ub_constraints":[[17.849754333496094,0.6757125854492188]],"final/mps_constraints":[[176,64]],"final/gdpa_variables":[[24,15],[23,5],[22.206298828125,-2.937005043029785],[21.655977249145508,-8.440217018127441],[21.309295654296875,-11.907023429870605],[21.106555938720703,-13.93442440032959],[20.994983673095703,-15.050146102905273],[20.93665885925293,-15.633398056030273],[20.907495498657227,-15.925024032592773],[20.893476486206055,-16.065223693847656],[20.8869686126709,-16.130298614501953],[20.884042739868164,-16.15955924987793],[20.88276481628418,-16.172340393066406],[20.882221221923828,-16.177776336669922],[20.881996154785156,-16.180030822753906],[20.88190460205078,-16.180944442749023],[20.881868362426758,-16.181306838989258],[20.881855010986328,-16.181447982788086],[20.88184928894043,-16.181501388549805],[20.881847381591797,-16.181522369384766],[20.881847381591797,-16.181529998779297],[20.881847381591797,-16.18153190612793],[20.881847381591797,-16.181533813476562],[20.881847381591797,-16.181533813476562],[20.881847381591797,-16.181533813476562],[20.881847381591797,-16.181533813476562],[20.881847381591797,-16.181533813476562],[20.881847381591797,-16.181533813476562],[20.881847381591797,-16.181533813476562],[20.881847381591797,-16.181533813476562],[20.881847381591797,-16.181533813476562],[20.881847381591797,-16.181533813476562],[20.881847381591797,-16.181533813476562],[20.881847381591797,-16.181533813476562],[20.881847381591797,-16.181533813476562],[20.881847381591797,-16.181533813476562],[20.881847381591797,-16.181533813476562],[20.881847381591797,-16.181533813476562],[20.881847381591797,-16.181533813476562],[20.881847381591797,-16.181533813476562],[20.881847381591797,-16.181533813476562],[20.881847381591797,-16.181533813476562],[20.881847381591797,-16.181533813476562],[20.881847381591797,-16.181533813476562],[20.881847381591797,-16.181533813476562],[20.881847381591797,-16.181533813476562],[20.881847381591797,-16.181533813476562],[20.881847381591797,-16.181533813476562],[20.881847381591797,-16.181533813476562],[20.881847381591797,-16.181533813476562],[20.881847381591797,-16.181533813476562],[20.881847381591797,-16.181533813476562],[20.881847381591797,-16.181533813476562],[20.881847381591797,-16.181533813476562],[20.881847381591797,-16.181533813476562],[20.881847381591797,-16.181533813476562],[20.881847381591797,-16.181533813476562],[20.881847381591797,-16.181533813476562],[20.881847381591797,-16.181533813476562],[20.881847381591797,-16.181533813476562],[20.881847381591797,-16.181533813476562],[20.881847381591797,-16.181533813476562],[20.881847381591797,-16.181533813476562],[20.881847381591797,-16.181533813476562],[20.881847381591797,-16.181533813476562],[20.881847381591797,-16.181533813476562],[20.881847381591797,-16.181533813476562],[20.881847381591797,-16.181533813476562],[20.881847381591797,-16.181533813476562],[20.881847381591797,-16.181533813476562],[20.881847381591797,-16.181533813476562],[20.881847381591797,-16.181533813476562],[20.881847381591797,-16.181533813476562],[20.881847381591797,-16.181533813476562],[20.881847381591797,-16.181533813476562],[20.881847381591797,-16.181533813476562],[20.881847381591797,-16.181533813476562],[20.881847381591797,-16.181533813476562],[NaN,NaN]],"final/pga_objective":[-92.53905487060547,-92.50000762939453,-92.5,-92.5,-92.5,-92.5,-92.5],"final/pga_runtime":[15.01689624786377,30.052783489227295,44.57248497009277,61.83385872840881,76.9410240650177,91.66129446029663,107.61533737182617],"final/mps_objective":[-25],"final/gdpa_constraints":[[297.5,279],[224,164],[165.6630096435547,72.72444152832031],[135.48695373535156,13.1021728515625],[118.84626770019531,-6],[109.11475372314453,-6],[103.75928497314453,-6],[100.95967102050781,-6],[99.55987548828125,-6],[98.88691711425781,-6],[98.57455444335938,-6],[98.43411254882812,-6],[98.37275695800781,-6],[98.34666442871094,-6],[98.33584594726562,-6],[98.33145904541016,-6],[98.32972717285156,-6],[98.32904815673828,-6],[98.32878112792969,-6],[98.32868957519531,-6],[98.32865905761719,-6],[98.32865142822266,-6],[98.32864379882812,-6],[98.32864379882812,-6],[98.32864379882812,-6],[98.32864379882812,-6],[98.32864379882812,-6],[98.32864379882812,-6],[98.32864379882812,-6],[98.32864379882812,-6],[98.32864379882812,-6],[98.32864379882812,-6],[98.32864379882812,-6],[98.32864379882812,-6],[98.32864379882812,-6],[98.32864379882812,-6],[98.32864379882812,-6],[98.32864379882812,-6],[98.32864379882812,-6],[98.32864379882812,-6],[98.32864379882812,-6],[98.32864379882812,-6],[98.32864379882812,-6],[98.32864379882812,-6],[98.32864379882812,-6],[98.32864379882812,-6],[98.32864379882812,-6],[98.32864379882812,-6],[98.32864379882812,-6],[98.32864379882812,-6],[98.32864379882812,-6],[98.32864379882812,-6],[98.32864379882812,-6],[98.32864379882812,-6],[98.32864379882812,-6],[98.32864379882812,-6],[98.32864379882812,-6],[98.32864379882812,-6],[98.32864379882812,-6],[98.32864379882812,-6],[98.32864379882812,-6],[98.32864379882812,-6],[98.32864379882812,-6],[98.32864379882812,-6],[98.32864379882812,-6],[98.32864379882812,-6],[98.32864379882812,-6],[98.32864379882812,-6],[98.32864379882812,-6],[98.32864379882812,-6],[98.32864379882812,-6],[98.32864379882812,-6],[98.32864379882812,-6],[98.32864379882812,-6],[98.32864379882812,-6],[98.32864379882812,-6],[98.32864379882812,-6],[98.32864379882812,-6],[NaN,NaN]],"final/ipdd_runtime":[15.761484146118164,33.48567771911621,50.015276193618774,68.19461393356323,83.45815205574036,100.26889896392822],"final/mps_variables":[[25,-5]],"final/ipdd_constraints":[[1.9488496780395508,0.5145769119262695],[-0.6547527313232422,-0.900731086730957],[-0.25983476638793945,-0.3574504852294922],[-0.08944058418273926,-0.12323999404907227],[-0.028543472290039062,-0.0392146110534668],[-0.008279800415039062,-0.011395454406738281]],"final/pm_lb_constraints":[[148.984375,-0.03124237060546875]],"_wandb":{"runtime":247},"final/gdpa_objective":[174,73,-7.163751602172852,-62.746192932128906,-97.76094055175781,-118.23768615722656,-129.50648498535156,-135.39732360839844,-138.34274291992188,-139.75875854492188,-140.416015625,-140.7115478515625,-140.84063720703125,-140.8955535888672,-140.91830444335938,-140.92755126953125,-140.9311981201172,-140.93263244628906,-140.93316650390625,-140.93336486816406,-140.93345642089844,-140.9334716796875,-140.93348693847656,-140.93348693847656,-140.93348693847656,-140.93348693847656,-140.93348693847656,-140.93348693847656,-140.93348693847656,-140.93348693847656,-140.93348693847656,-140.93348693847656,-140.93348693847656,-140.93348693847656,-140.93348693847656,-140.93348693847656,-140.93348693847656,-140.93348693847656,-140.93348693847656,-140.93348693847656,-140.93348693847656,-140.93348693847656,-140.93348693847656,-140.93348693847656,-140.93348693847656,-140.93348693847656,-140.93348693847656,-140.93348693847656,-140.93348693847656,-140.93348693847656,-140.93348693847656,-140.93348693847656,-140.93348693847656,-140.93348693847656,-140.93348693847656,-140.93348693847656,-140.93348693847656,-140.93348693847656,-140.93348693847656,-140.93348693847656,-140.93348693847656,-140.93348693847656,-140.93348693847656,-140.93348693847656,-140.93348693847656,-140.93348693847656,-140.93348693847656,-140.93348693847656,-140.93348693847656,-140.93348693847656,-140.93348693847656,-140.93348693847656,-140.93348693847656,-140.93348693847656,-140.93348693847656,-140.93348693847656,-140.93348693847656,-140.93348693847656,null],"final/pm_ub_runtime":[16.6564781665802],"_timestamp":1.7314010595943706e+09,"_runtime":247.3884905,