{"J":{"0":2.7499990463,"1":9.625,"2":16.4857254028,"3":19.4350605011,"4":20.5070705414,"5":20.8556785583,"6":20.9603233337,"7":20.9893321991,"8":20.9977321625,"9":20.9989204407,"10":20.9999485016,"11":21.0000801086,"12":20.9999866486,"13":20.9996414185,"14":20.9994525909,"15":21.0001239777},"f":{"0":[1.7499990463,-2.2500009537],"1":[1.1250004768,-1.3749995232],"2":[0.4464423656,-0.5457010269],"3":[0.1547828913,-0.1891617775],"4":[0.0487531424,-0.0595836639],"5":[0.0142384768,-0.0174736977],"6":[0.0039207935,-0.0047988892],"7":[0.0009977818,-0.001335144],"8":[0.0002855062,-0.0002250671],"9":[0.0000203848,-0.0001997948],"10":[0.0000225306,0.0000076294],"11":[0.0000135899,0.0000267029],"12":[0.0000003576,-0.0000023842],"13":[-0.0000325441,-0.0000977516],"14":[-0.0000496507,-0.00014925],"15":[0.0000112057,0.0000333786]},"runtime":{"0":28.5954928398,"1":56.7890269756,"2":85.8190100193,"3":118.3820769787,"4":149.4432108402,"5":187.781370163,"6":223.1371638775,"7":254.8181164265,"8":285.6485772133,"9":316.7516498566,"10":346.688416481,"11":376.8296911716,"12":407.5710072517,"13":441.0384821892,"14":473.2887058258,"15":503.0708181858},"vars":{"0":[2.7499990463,0.0],"1":[2.1250004768,0.75],"2":[1.4464423656,1.5039284229],"3":[1.1547828913,1.8280277252],"4":[1.0487531424,1.9458316565],"5":[1.0142384768,1.9841439724],"6":[1.0039207935,1.9956402779],"7":[1.0009977818,1.9988334179],"8":[1.0002855062,1.9997446537],"9":[1.0000203848,1.9998899698],"10":[1.0000225306,1.999992609],"11":[1.0000135899,2.0000066757],"12":[1.0000003576,1.9999986887],"13":[0.9999674559,1.9999673367],"14":[0.9999503493,1.9999502897],"15":[1.0000112057,2.0000112057]}}