{"J":{"0":2.7499940395,"1":9.6250009537,"2":16.4830245972,"3":19.4359874725,"4":20.5050411224,"5":20.856754303,"6":20.9600105286,"7":20.9882049561,"8":20.9978675842,"9":20.9994659424,"10":21.000125885,"11":20.999912262,"12":20.9999275208,"13":20.9997673035,"14":20.9993896484},"f":{"0":[1.7499940395,-2.2500059605],"1":[1.1250030994,-1.374997139],"2":[0.4460533857,-0.5465521812],"3":[0.1549173594,-0.1888685226],"4":[0.048584342,-0.0601243973],"5":[0.014341116,-0.0171761513],"6":[0.0038938522,-0.0048828125],"7":[0.000895977,-0.0016422272],"8":[0.0002977848,-0.0001878738],"9":[0.0000697374,-0.0000510216],"10":[0.0000391006,0.0000567436],"11":[-0.0000017881,-0.0000190735],"12":[-0.0000050664,-0.0000185966],"13":[-0.0000209212,-0.0000634193],"14":[-0.0000552535,-0.0001664162]},"runtime":{"0":33.6810829639,"1":66.5151288509,"2":101.8285791874,"3":137.9108376503,"4":178.3266043663,"5":217.574048996,"6":253.9132261276,"7":284.9528715611,"8":314.0329153538,"9":342.3859710693,"10":382.5076749325,"11":420.9451816082,"12":451.5056898594,"13":484.258939743,"14":523.2444834709},"vars":{"0":[2.7499940395,0.0],"1":[2.1250030994,0.7499998212],"2":[1.4460533857,1.5036971569],"3":[1.1549173594,1.8281069994],"4":[1.048584342,1.94564569],"5":[1.014341116,1.9842413664],"6":[1.0038938522,1.9956116676],"7":[1.000895977,1.9987308979],"8":[1.0002977848,1.9997570515],"9":[1.0000697374,1.9999395609],"10":[1.0000391006,2.0000088215],"11":[0.9999982119,1.9999914169],"12":[0.9999949336,1.9999933243],"13":[0.9999790788,1.9999787807],"14":[0.9999447465,1.9999444485]}}