{"J":{"0":0.5000001192,"1":4.5,"2":4.8968505859,"3":4.9683704376,"4":4.9882955551,"5":4.9951400757,"6":4.9978151321,"7":4.9989566803,"8":4.9994792938},"f":{"0":[-0.4999998808,-4.5],"1":[3.5,-0.5],"2":[3.8968505859,-0.1031494141],"3":[3.9683704376,-0.0316295624],"4":[3.9882955551,-0.0117044449],"5":[3.9951400757,-0.0048599243],"6":[3.9978151321,-0.0021848679],"7":[3.9989566803,-0.0010433197],"8":[3.9994792938,-0.0005207062]},"runtime":{"0":63.4800195694,"1":126.0984067917,"2":189.8328132629,"3":254.2627050877,"4":316.5297827721,"5":377.6711039543,"6":438.0826013088,"7":496.2476758957,"8":556.4848470688},"vars":{"0":[0.5000001192,0.0],"1":[4.5,0.0],"2":[4.8968505859,0.0],"3":[4.9683704376,0.0],"4":[4.9882955551,0.0],"5":[4.9951400757,0.0],"6":[4.9978151321,0.0],"7":[4.9989566803,0.0],"8":[4.9994792938,0.0]}}