{"J":{"0":0.5000002384,"1":4.4999976158,"2":4.8968501091,"3":4.9683699608,"4":4.988296032,"5":4.9951395988,"6":4.9978146553,"7":4.9989571571,"8":4.999478817,"9":4.9997286797,"10":4.9998545647,"11":4.9999203682,"12":4.9999556541,"13":4.9999747276,"14":4.9999842644,"15":4.9999909401,"16":4.9999947548},"f":{"0":[-0.4999997616,-4.5],"1":[3.4999976158,-0.5000023842],"2":[3.8968501091,-0.1031498909],"3":[3.9683699608,-0.0316300392],"4":[3.988296032,-0.011703968],"5":[3.9951395988,-0.0048604012],"6":[3.9978146553,-0.0021853447],"7":[3.9989571571,-0.0010428429],"8":[3.999478817,-0.000521183],"9":[3.9997286797,-0.0002713203],"10":[3.9998545647,-0.0001454353],"11":[3.9999203682,-0.0000796318],"12":[3.9999556541,-0.0000443459],"13":[3.9999747276,-0.0000252724],"14":[3.9999842644,-0.0000157356],"15":[3.9999909401,-0.0000090599],"16":[3.9999947548,-0.0000052452]},"runtime":{"0":35.1025164127,"1":74.3462574482,"2":103.8378975391,"3":138.0976788998,"4":171.0485255718,"5":201.06153965,"6":228.3650455475,"7":256.655901432,"8":284.034883976,"9":313.3304862976,"10":341.256046772,"11":369.0960283279,"12":396.3947105408,"13":422.7098927498,"14":450.1699178219,"15":478.1166234016,"16":505.9689977169},"vars":{"0":[0.5000002384,0.0],"1":[4.4999976158,0.0],"2":[4.8968501091,0.0],"3":[4.9683699608,0.0],"4":[4.988296032,0.0],"5":[4.9951395988,0.0],"6":[4.9978146553,0.0],"7":[4.9989571571,0.0],"8":[4.999478817,0.0],"9":[4.9997286797,0.0],"10":[4.9998545647,0.0],"11":[4.9999203682,0.0],"12":[4.9999556541,0.0],"13":[4.9999747276,0.0],"14":[4.9999842644,0.0],"15":[4.9999909401,0.0],"16":[4.9999947548,0.0]}}