{"J":{"0":0.5000001192},"f":{"0":[-0.4999998808,-4.5]},"runtime":{"0":58.8717250824},"vars":{"0":[0.5000001192,0.0]}}