{"J":{"0":5.0002813339},"f":{"0":[4.0002813339,0.0002813339]},"runtime":{"0":26.7524313927},"vars":{"0":[5.0002813339,0.0]}}