{"J":{"0":-7.9627475739,"1":-6.9565086365,"2":-6.5249881744,"3":-6.2992630005,"4":-6.1843795776,"5":-6.1323242188,"6":-6.11195755,"7":-6.1055049896,"8":-6.1035938263,"9":-6.1027622223,"10":-6.1028823853,"11":-6.1028442383,"12":-6.1027774811,"13":-6.1028347015,"14":-6.1027812958,"15":-6.1026000977},"f":{"0":[-0.9765775204,0.0],"1":[-0.4375181198,0.0],"2":[-0.2090582848,0.0],"3":[-0.0950245857,0.0],"4":[-0.038933754,0.0],"5":[-0.0139980316,0.0],"6":[-0.0043272972,0.0],"7":[-0.0012731552,0.0],"8":[-0.0003700256,0.0],"9":[0.000023365,0.0],"10":[-0.0000333786,0.0],"11":[-0.0000152588,0.0],"12":[0.0000162125,0.0],"13":[-0.0000109673,0.0],"14":[0.0000143051,0.0],"15":[0.0001001358,0.0]},"runtime":{"0":30.0410432816,"1":59.4001266956,"2":88.4883332253,"3":117.9607996941,"4":147.0999524593,"5":177.8568272591,"6":209.0811040401,"7":251.4863739014,"8":288.9899094105,"9":320.4577071667,"10":350.2915260792,"11":380.8915698528,"12":411.1719648838,"13":449.0526094437,"14":484.0381610394,"15":516.4082081318},"vars":{"0":[-25.0,17.0372524261],"1":[-25.0,18.0434913635],"2":[-25.0,18.4750118256],"3":[-25.0,18.7007369995],"4":[-25.0,18.8156204224],"5":[-25.0,18.8676757812],"6":[-25.0,18.88804245],"7":[-25.0,18.8944950104],"8":[-25.0,18.8964061737],"9":[-25.0,18.8972377777],"10":[-25.0,18.8971176147],"11":[-25.0,18.8971557617],"12":[-25.0,18.8972225189],"13":[-25.0,18.8971652985],"14":[-25.0,18.8972187042],"15":[-25.0,18.8973999023]}}