{"J":{"0":-50.0,"1":-12.2133922577,"2":-12.1218328476,"3":-12.0578050613,"4":-12.0049591064,"5":-6.2353782654,"6":-6.222776413,"7":-6.2120780945,"8":-6.2028541565,"9":-6.1948070526,"10":-6.1877212524,"11":-6.181427002,"12":-6.1758041382,"13":-6.1707458496,"14":-6.1661777496},"f":{"0":[-4.0,-2.0],"1":[-2.3139429092,-0.4822831154],"2":[-2.2941727638,-0.361087203],"3":[-2.2803881168,-0.2913882732],"4":[-2.2690298557,-0.2426027656],"5":[-0.063657999,0.0],"6":[-0.0575218201,0.0],"7":[-0.0523262024,0.0],"8":[-0.0478568077,0.0],"9":[-0.0439653397,0.0],"10":[-0.0405445099,0.0],"11":[-0.0375108719,0.0],"12":[-0.0348043442,0.0],"13":[-0.0323724747,0.0],"14":[-0.0301792622,0.0]},"runtime":{"0":28.9246037006,"1":59.8223304749,"2":93.6048848629,"3":129.2025485039,"4":172.1597878933,"5":214.5052945614,"6":251.2879574299,"7":285.3015363216,"8":319.4797756672,"9":353.5445492268,"10":386.6696186066,"11":419.8506150246,"12":451.6950528622,"13":481.4285969734,"14":512.8962881565},"vars":{"0":[-25.0,-25.0],"1":[-25.0,12.7866077423],"2":[-25.0,12.8781671524],"3":[-25.0,12.9421949387],"4":[-25.0,12.9950408936],"5":[-25.0,18.7646217346],"6":[-25.0,18.777223587],"7":[-25.0,18.7879219055],"8":[-25.0,18.7971458435],"9":[-25.0,18.8051929474],"10":[-25.0,18.8122787476],"11":[-25.0,18.818572998],"12":[-25.0,18.8241958618],"13":[-25.0,18.8292541504],"14":[-25.0,18.8338222504]}}