{"J":{"0":-6.1052894592},"f":{"0":[-0.0011711121,0.0]},"runtime":{"0":30.3969464302},"vars":{"0":[-25.0,18.8947105408]}}