{"J":{"0":-1.8355588913},"f":{"0":[-0.0011460781,-0.000000596]},"runtime":{"0":14.2975633144},"vars":{"0":[-11.1542472839,9.3186883926]}}