{"J":{"0":4.9500002861,"1":5.0,"2":5.0,"3":5.0,"4":5.0,"5":5.0,"6":5.0,"7":5.0,"8":5.0,"9":5.0,"10":5.0,"11":5.0},"f":{"0":[3.9500002861,-0.0499997139],"1":[4.0,0.0],"2":[4.0,0.0],"3":[4.0,0.0],"4":[4.0,0.0],"5":[4.0,0.0],"6":[4.0,0.0],"7":[4.0,0.0],"8":[4.0,0.0],"9":[4.0,0.0],"10":[4.0,0.0],"11":[4.0,0.0]},"runtime":{"0":18.3046872616,"1":36.1801276207,"2":54.0514371395,"3":71.9317388535,"4":89.7820258141,"5":107.6965367794,"6":125.6144104004,"7":143.5459487438,"8":161.4786965847,"9":179.4207041264,"10":197.3347549438,"11":215.2359836102},"vars":{"0":[4.9500002861,0.0],"1":[5.0,0.0],"2":[5.0,0.0],"3":[5.0,0.0],"4":[5.0,0.0],"5":[5.0,0.0],"6":[5.0,0.0],"7":[5.0,0.0],"8":[5.0,0.0],"9":[5.0,0.0],"10":[5.0,0.0],"11":[5.0,0.0]}}