{"J":{"0":4.8999996185,"1":5.0,"2":5.0,"3":5.0,"4":5.0,"5":5.0,"6":5.0,"7":5.0,"8":5.0,"9":5.0,"10":5.0,"11":5.0},"f":{"0":[3.8999996185,-0.1000003815],"1":[4.0,0.0],"2":[4.0,0.0],"3":[4.0,0.0],"4":[4.0,0.0],"5":[4.0,0.0],"6":[4.0,0.0],"7":[4.0,0.0],"8":[4.0,0.0],"9":[4.0,0.0],"10":[4.0,0.0],"11":[4.0,0.0]},"runtime":{"0":17.9035983086,"1":35.8295853138,"2":53.7355117798,"3":71.5439271927,"4":89.211681366,"5":106.8673937321,"6":124.4978070259,"7":142.150156498,"8":159.7605993748,"9":177.4258511066,"10":195.080622673,"11":212.7359983921},"vars":{"0":[4.8999996185,0.0],"1":[5.0,0.0],"2":[5.0,0.0],"3":[5.0,0.0],"4":[5.0,0.0],"5":[5.0,0.0],"6":[5.0,0.0],"7":[5.0,0.0],"8":[5.0,0.0],"9":[5.0,0.0],"10":[5.0,0.0],"11":[5.0,0.0]}}