{"J":{"0":0.0,"1":1.000000596,"2":3.1748006344,"3":4.4403204918,"4":4.7928967476,"5":4.9140114784,"6":4.961332798,"7":4.9815459251,"8":4.9907727242,"9":4.9952082634,"10":4.9974322319,"11":4.9985871315},"f":{"0":[-1.0,-5.0],"1":[0.000000596,-3.9999995232],"2":[2.1748006344,-1.8251993656],"3":[3.4403204918,-0.5596795082],"4":[3.7928967476,-0.2071032524],"5":[3.9140114784,-0.0859885216],"6":[3.961332798,-0.038667202],"7":[3.9815459251,-0.0184540749],"8":[3.9907727242,-0.0092272758],"9":[3.9952082634,-0.0047917366],"10":[3.9974322319,-0.0025677681],"11":[3.9985871315,-0.0014128685]},"runtime":{"0":31.2063906193,"1":62.3003783226,"2":94.6583969593,"3":148.2957518101,"4":192.0072762966,"5":223.4685673714,"6":260.7543261051,"7":312.1812598705,"8":367.954937458,"9":423.34015131,"10":470.309002161,"11":517.3151669502},"vars":{"0":[0.0,0.0],"1":[1.000000596,0.0],"2":[3.1748006344,0.0],"3":[4.4403204918,0.0],"4":[4.7928967476,0.0],"5":[4.9140114784,0.0],"6":[4.961332798,0.0],"7":[4.9815459251,0.0],"8":[4.9907727242,0.0],"9":[4.9952082634,0.0],"10":[4.9974322319,0.0],"11":[4.9985871315,0.0]}}