{"J":{"0":4.8999996185},"f":{"0":[3.8999996185,-0.1000003815]},"runtime":{"0":17.9623494148},"vars":{"0":[4.8999996185,0.0]}}