{"J":{"0":4.3333330154},"f":{"0":[3.3333330154,-0.6666669846]},"runtime":{"0":28.7958185673},"vars":{"0":[4.3333330154,0.0]}}