{"J":{"0":2.9999995232},"f":{"0":[1.9999995232,-2.0000004768]},"runtime":{"0":29.1430904865},"vars":{"0":[2.9999995232,0.0]}}