{"J":{"0":79.9427337646,"1":92.5806808472,"2":92.5806808472,"3":92.5806808472,"4":92.5806808472,"5":92.5806808472,"6":92.5806808472,"7":92.5806808472,"8":92.5806808472,"9":92.5806808472,"10":92.5806808472,"11":92.5806808472,"12":92.5806808472,"13":92.5806808472,"14":92.5806808472,"15":92.5806808472,"16":92.5806808472,"17":92.5806808472},"f":{"0":[-3.2258262634,-0.3225631714,-7.2580757141,6.4359588623],"1":[0.0,-0.0000076294,0.0000267029,16.6129341125],"2":[0.0,0.0,0.0000228882,16.6129264832],"3":[0.0,0.0,0.0000228882,16.6129264832],"4":[0.0,0.0,0.0000228882,16.6129264832],"5":[0.0,0.0,0.0000228882,16.6129264832],"6":[0.0,0.0,0.0000228882,16.6129264832],"7":[0.0,0.0,0.0000228882,16.6129264832],"8":[0.0,0.0,0.0000228882,16.6129264832],"9":[0.0,0.0,0.0000228882,16.6129264832],"10":[0.0,0.0,0.0000228882,16.6129264832],"11":[0.0,0.0,0.0000228882,16.6129264832],"12":[0.0,0.0,0.0000228882,16.6129264832],"13":[0.0,0.0,0.0000228882,16.6129264832],"14":[0.0,0.0,0.0000228882,16.6129264832],"15":[0.0,0.0,0.0000228882,16.6129264832],"16":[0.0,0.0,0.0000228882,16.6129264832],"17":[0.0,0.0,0.0000228882,16.6129264832]},"runtime":{"0":29.301419735,"1":56.7257843018,"2":85.4020466805,"3":114.7165231705,"4":141.9888041019,"5":170.4729521275,"6":198.1566755772,"7":224.8483586311,"8":252.1026535034,"9":278.6342682838,"10":307.3193068504,"11":333.8980526924,"12":361.1866185665,"13":390.1546442509,"14":420.5765328407,"15":447.614253521,"16":476.1122598648,"17":503.7917394638},"vars":{"0":[8.2882318497,6.5973010063,0.0,8.7148742676,0.0],"1":[8.5483856201,6.6129021645,0.0,11.1290407181,0.0],"2":[8.5483837128,6.6129045486,0.0,11.1290397644,0.0],"3":[8.5483837128,6.6129045486,0.0,11.1290397644,0.0],"4":[8.5483837128,6.6129045486,0.0,11.1290397644,0.0],"5":[8.5483837128,6.6129045486,0.0,11.1290397644,0.0],"6":[8.5483837128,6.6129045486,0.0,11.1290397644,0.0],"7":[8.5483837128,6.6129045486,0.0,11.1290397644,0.0],"8":[8.5483837128,6.6129045486,0.0,11.1290397644,0.0],"9":[8.5483837128,6.6129045486,0.0,11.1290397644,0.0],"10":[8.5483837128,6.6129045486,0.0,11.1290397644,0.0],"11":[8.5483837128,6.6129045486,0.0,11.1290397644,0.0],"12":[8.5483837128,6.6129045486,0.0,11.1290397644,0.0],"13":[8.5483837128,6.6129045486,0.0,11.1290397644,0.0],"14":[8.5483837128,6.6129045486,0.0,11.1290397644,0.0],"15":[8.5483837128,6.6129045486,0.0,11.1290397644,0.0],"16":[8.5483837128,6.6129045486,0.0,11.1290397644,0.0],"17":[8.5483837128,6.6129045486,0.0,11.1290397644,0.0]}}