{"J":{"0":92.8143386841},"f":{"0":[0.0211601257,3.415977478,-0.0002365112,14.2075271606]},"runtime":{"0":26.8875200748},"vars":{"0":[8.0056438446,7.6025829315,0.0,10.7990598679,0.0]}}