{"J":{"0":2.6},"f":{"0":[0.0,-8.881784197e-16]},"runtime":{"0":0.1257026196},"vars":{"0":[1.2,1.4]}}