{"J":{"0":1.6000000238,"1":2.5999999046,"2":2.5999999046,"3":2.5999999046,"4":2.5999999046,"5":2.5999999046,"6":2.5999999046,"7":2.5999999046,"8":2.5999999046,"9":2.5999999046,"10":2.5999999046,"11":2.5999999046,"12":2.5999999046,"13":2.5999999046,"14":2.5999999046,"15":2.5999999046,"16":2.5999999046,"17":2.5999999046},"f":{"0":[-2.0,-1.0],"1":[0.0,0.0],"2":[0.0,0.0],"3":[0.0,0.0],"4":[0.0,0.0],"5":[0.0,0.0],"6":[0.0,0.0],"7":[0.0,0.0],"8":[0.0,0.0],"9":[0.0,0.0],"10":[0.0,0.0],"11":[0.0,0.0],"12":[0.0,0.0],"13":[0.0,0.0],"14":[0.0,0.0],"15":[0.0,0.0],"16":[0.0,0.0],"17":[0.0,0.0]},"runtime":{"0":26.2378737926,"1":51.7337534428,"2":78.9535501003,"3":109.5567138195,"4":146.1828849316,"5":175.6149706841,"6":206.6597752571,"7":236.1671328545,"8":264.0654017925,"9":290.0003905296,"10":316.0939307213,"11":342.0803306103,"12":371.760884285,"13":402.2349250317,"14":432.4055564404,"15":463.4272422791,"16":492.2876634598,"17":518.7065181732},"vars":{"0":[1.1999999285,0.4000000656],"1":[1.2000001669,1.3999998569],"2":[1.2000001669,1.3999998569],"3":[1.2000001669,1.3999998569],"4":[1.2000001669,1.3999998569],"5":[1.2000001669,1.3999998569],"6":[1.2000001669,1.3999998569],"7":[1.2000001669,1.3999998569],"8":[1.2000001669,1.3999998569],"9":[1.2000001669,1.3999998569],"10":[1.2000001669,1.3999998569],"11":[1.2000001669,1.3999998569],"12":[1.2000001669,1.3999998569],"13":[1.2000001669,1.3999998569],"14":[1.2000001669,1.3999998569],"15":[1.2000001669,1.3999998569],"16":[1.2000001669,1.3999998569],"17":[1.2000001669,1.3999998569]}}