{"J":{"0":2.6177475452},"f":{"0":[0.0285806656,0.0315761566]},"runtime":{"0":29.0391159058},"vars":{"0":[1.2069141865,1.4108333588]}}