{"J":{"0":92.5806451613},"f":{"0":[0.0,0.0,0.0,16.6129032258]},"runtime":{"0":0.1645281315},"vars":{"0":[8.5483870968,6.6129032258,0.0,11.1290322581,0.0]}}