{"J":{"0":79.9427642822,"1":92.5806427002,"2":92.5806427002,"3":92.5806427002,"4":92.5806427002,"5":92.5806427002,"6":92.5806427002,"7":92.5806427002,"8":92.5806427002,"9":92.5806427002,"10":92.5806427002,"11":92.5806427002,"12":92.5806427002,"13":92.5806427002,"14":92.5806427002,"15":92.5806427002,"16":92.5806427002},"f":{"0":[-3.2258071899,-0.3225784302,-7.2580680847,6.4359970093],"1":[0.0,0.0,0.0,16.6128997803],"2":[0.0,0.0,0.0,16.6128997803],"3":[0.0,0.0,0.0,16.6128997803],"4":[0.0,0.0,0.0,16.6128997803],"5":[0.0,0.0,0.0,16.6128997803],"6":[0.0,0.0,0.0,16.6128997803],"7":[0.0,0.0,0.0,16.6128997803],"8":[0.0,0.0,0.0,16.6128997803],"9":[0.0,0.0,0.0,16.6128997803],"10":[0.0,0.0,0.0,16.6128997803],"11":[0.0,0.0,0.0,16.6128997803],"12":[0.0,0.0,0.0,16.6128997803],"13":[0.0,0.0,0.0,16.6128997803],"14":[0.0,0.0,0.0,16.6128997803],"15":[0.0,0.0,0.0,16.6128997803],"16":[0.0,0.0,0.0,16.6128997803]},"runtime":{"0":27.3270404339,"1":54.0906553268,"2":85.5485656261,"3":118.5559101105,"4":148.8544795513,"5":178.884319067,"6":207.8151404858,"7":233.550848484,"8":259.7503609657,"9":285.8851180077,"10":313.6530938148,"11":344.9553189278,"12":374.3086664677,"13":406.0664775372,"14":441.1491172314,"15":484.4219195843,"16":513.1983139515},"vars":{"0":[8.2882413864,6.5972952843,0.0,8.7148790359,0.0],"1":[8.5483865738,6.612903595,0.0,11.129032135,0.0],"2":[8.5483865738,6.612903595,0.0,11.129032135,0.0],"3":[8.5483865738,6.612903595,0.0,11.129032135,0.0],"4":[8.5483865738,6.612903595,0.0,11.129032135,0.0],"5":[8.5483865738,6.612903595,0.0,11.129032135,0.0],"6":[8.5483865738,6.612903595,0.0,11.129032135,0.0],"7":[8.5483865738,6.612903595,0.0,11.129032135,0.0],"8":[8.5483865738,6.612903595,0.0,11.129032135,0.0],"9":[8.5483865738,6.612903595,0.0,11.129032135,0.0],"10":[8.5483865738,6.612903595,0.0,11.129032135,0.0],"11":[8.5483865738,6.612903595,0.0,11.129032135,0.0],"12":[8.5483865738,6.612903595,0.0,11.129032135,0.0],"13":[8.5483865738,6.612903595,0.0,11.129032135,0.0],"14":[8.5483865738,6.612903595,0.0,11.129032135,0.0],"15":[8.5483865738,6.612903595,0.0,11.129032135,0.0],"16":[8.5483865738,6.612903595,0.0,11.129032135,0.0]}}