{"J":{"0":3.0403125286,"1":3.3986241817,"2":3.4229290485,"3":3.3541274071,"4":3.3759715557,"5":3.3963804245,"6":3.3816874027,"7":3.3954877853,"8":3.3982679844,"9":3.4084749222,"10":3.3910038471,"11":3.4037847519,"12":3.3907618523,"13":3.4154951572,"14":3.4001989365,"15":3.3867278099,"16":3.4148561954},"f":{"0":[5.7741947174,-5.6366987228],"1":[5.8893890381,-5.4315462112],"2":[5.921582222,-5.3949241638],"3":[5.748462677,-5.5811386108],"4":[5.8034849167,-5.5215797424],"5":[5.8667821884,-5.454284668],"6":[5.8164644241,-5.5073871613],"7":[5.8533382416,-5.4676914215],"8":[5.8433866501,-5.4795341492],"9":[5.8952312469,-5.4232845306],"10":[5.8307323456,-5.491771698],"11":[5.867099762,-5.4530038834],"12":[5.8479852676,-5.474155426],"13":[5.8990573883,-5.4191493988],"14":[5.8656253815,-5.4544334412],"15":[5.8268108368,-5.4959487915],"16":[5.8985424042,-5.4194965363]},"runtime":{"0":29.7336966991,"1":58.5772793293,"2":86.871871233,"3":115.4948108196,"4":144.4687376022,"5":173.6937890053,"6":202.8378050327,"7":231.6586606503,"8":262.0087246895,"9":291.5450770855,"10":320.5013148785,"11":350.100300312,"12":379.241191864,"13":409.0493619442,"14":438.2159891129,"15":474.3603951931,"16":504.1842215061},"vars":{"0":[0.0947810858,0.2945531309],"1":[0.0033048359,0.3395319581],"2":[-0.0006063968,0.3423535228],"3":[0.0021280616,0.3351999223],"4":[0.0013038059,0.3374667764],"5":[0.0017107916,0.3394669592],"6":[0.0009475757,0.3380739987],"7":[0.0006359403,0.3394851983],"8":[-0.0014308224,0.3399698734],"9":[0.0010548186,0.3407420218],"10":[-0.0003923174,0.3391396105],"11":[-0.0004784718,0.3404263258],"12":[0.0014629532,0.3389298916],"13":[-0.0007256938,0.3416220844],"14":[0.0004999171,0.3399699032],"15":[0.0005247915,0.3386203051],"16":[-0.0005606262,0.3415416777]}}