{"J":{"0":-86.875598511},"f":{"0":[151.2497605956,-0.0]},"runtime":{"0":2.7436652184},"vars":{"0":[25.0,-11.1875598511]}}