{"J":{"0":-88.8282699585,"1":-86.8754425049,"2":-86.8754425049,"3":-86.8754425049,"4":-86.8754425049,"5":-86.8754425049,"6":-86.8754425049,"7":-86.8754425049,"8":-86.8754425049,"9":-86.8754425049,"10":-86.8754425049,"11":-86.8754425049,"12":-86.8754425049,"13":-86.8754425049,"14":-86.8754425049,"15":-86.8754425049,"16":-86.8754425049},"f":{"0":[150.4686889648,-3.1246967316],"1":[151.2498168945,0.0002536774],"2":[151.2498168945,0.0002536774],"3":[151.2498168945,0.0002536774],"4":[151.2498168945,0.0002536774],"5":[151.2498168945,0.0002536774],"6":[151.2498168945,0.0002536774],"7":[151.2498168945,0.0002536774],"8":[151.2498168945,0.0002536774],"9":[151.2498168945,0.0002536774],"10":[151.2498168945,0.0002536774],"11":[151.2498168945,0.0002536774],"12":[151.2498168945,0.0002536774],"13":[151.2498168945,0.0002536774],"14":[151.2498168945,0.0002536774],"15":[151.2498168945,0.0002536774],"16":[151.2498168945,0.0002536774]},"runtime":{"0":31.7770800591,"1":64.5844244957,"2":96.3270485401,"3":125.0461101532,"4":153.5815925598,"5":186.1965272427,"6":215.450107336,"7":245.756248951,"8":275.5022938251,"9":303.9628195763,"10":332.999714613,"11":364.8460333347,"12":395.1328859329,"13":425.2522270679,"14":453.7554705143,"15":483.7859401703,"16":513.276901722},"vars":{"0":[25.0,-11.3828268051],"1":[25.0,-11.187543869],"2":[25.0,-11.187543869],"3":[25.0,-11.187543869],"4":[25.0,-11.187543869],"5":[25.0,-11.187543869],"6":[25.0,-11.187543869],"7":[25.0,-11.187543869],"8":[25.0,-11.187543869],"9":[25.0,-11.187543869],"10":[25.0,-11.187543869],"11":[25.0,-11.187543869],"12":[25.0,-11.187543869],"13":[25.0,-11.187543869],"14":[25.0,-11.187543869],"15":[25.0,-11.187543869],"16":[25.0,-11.187543869]}}