{"_runtime":42.5798657,"_step":0,"_wandb":{"runtime":42},"objectives/mps":-25,"objectives/pm_lb":-92.53905487060547,"objectives/pm_ub":-5.070385932922363,"_timestamp":1.7314024111418588e+09}