,Supply_inlet_temp,Supply_outlet_temp,Mass_flow,Delivered_heat
0,2.4420379260073872,1.822652420458231,35.84908708370166,6.1811733647584015
