,Supply_inlet_temp,Supply_outlet_temp,Mass_flow,Delivered_heat
0,4.611829712839259,4.768166641141003,78.37789401667528,7.0843770540367155
