{"J":{"0":2.5,"1":2.5499992371,"2":2.5801448822,"3":2.5931241512,"4":2.5978331566,"5":2.5993738174,"6":2.598972559,"7":2.6001825333,"8":2.6000437737,"9":2.5998966694,"10":2.6000273228,"11":2.6000003815,"12":2.5999925137,"13":2.6000151634,"14":2.5999932289,"15":2.597745657,"16":2.600477457,"17":2.5982995033},"f":{"0":[-0.2000002861,-0.0999999046],"1":[-0.1000013351,-0.0500020981],"2":[-0.0397040844,-0.019867897],"3":[-0.0137531757,-0.0068731308],"4":[-0.0043337345,-0.002166748],"5":[-0.0012562275,-0.0006189346],"6":[-0.0016283989,-0.0018806458],"7":[0.0002508163,0.0004105568],"8":[0.0000600815,0.0000991821],"9":[-0.0001564026,-0.0002040863],"10":[0.000041008,0.0000553131],"11":[0.0000009537,0.0000009537],"12":[-0.0000112057,-0.0000152588],"13":[0.0000228882,0.0000300407],"14":[-0.0000100136,-0.0000133514],"15":[-0.0033817291,-0.0045080185],"16":[0.0007162094,0.000954628],"17":[-0.0025508404,-0.0034008026]},"runtime":{"0":29.9226176739,"1":56.9807887077,"2":83.8306522369,"3":110.577568531,"4":137.5979104042,"5":164.2843842506,"6":191.1388478279,"7":217.9580433369,"8":248.5277283192,"9":284.4365558624,"10":314.6067643166,"11":344.819252491,"12":371.7078046799,"13":399.2277956009,"14":428.317892313,"15":456.5424833298,"16":485.9886898994,"17":514.702549696},"vars":{"0":[1.2000001669,1.2999997139],"1":[1.1999994516,1.3499996662],"2":[1.1999936104,1.3801511526],"3":[1.2000014782,1.393122673],"4":[1.2000000477,1.3978331089],"5":[1.200003624,1.3993700743],"6":[1.1995735168,1.3993990421],"7":[1.200114131,1.4000684023],"8":[1.200027585,1.4000163078],"9":[1.1999497414,1.399946928],"10":[1.200013876,1.4000134468],"11":[1.2000002861,1.4000002146],"12":[1.199996233,1.3999962807],"13":[1.2000074387,1.4000076056],"14":[1.1999967098,1.3999966383],"15":[1.1988730431,1.3988726139],"16":[1.2002385855,1.4002388716],"17":[1.199149847,1.3991496563]}}