{"J":{"0":1.6000000238,"1":2.5999999046,"2":2.5999999046,"3":2.5999999046,"4":2.5999999046,"5":2.5999999046,"6":2.5999999046,"7":2.5999999046,"8":2.5999999046,"9":2.5999999046,"10":2.5999999046,"11":2.5999999046,"12":2.5999999046,"13":2.5999999046,"14":2.5999999046,"15":2.5999999046,"16":2.5999999046,"17":2.5999999046,"18":2.5999999046},"f":{"0":[-2.0,-1.0],"1":[0.0,0.0],"2":[0.0,0.0],"3":[0.0,0.0],"4":[0.0,0.0],"5":[0.0,0.0],"6":[0.0,0.0],"7":[0.0,0.0],"8":[0.0,0.0],"9":[0.0,0.0],"10":[0.0,0.0],"11":[0.0,0.0],"12":[0.0,0.0],"13":[0.0,0.0],"14":[0.0,0.0],"15":[0.0,0.0],"16":[0.0,0.0],"17":[0.0,0.0],"18":[0.0,0.0]},"runtime":{"0":26.6837131977,"1":53.7211585045,"2":82.5301585197,"3":109.4261822701,"4":138.7322397232,"5":165.4965229034,"6":191.8012578487,"7":218.5523498058,"8":245.2222774029,"9":272.5319700241,"10":299.0555155277,"11":326.1994535923,"12":352.8559727669,"13":379.313980341,"14":406.0977714062,"15":433.2842619419,"16":460.0094361305,"17":486.7611894608,"18":512.7594726086},"vars":{"0":[1.1999999285,0.4000000656],"1":[1.2000001669,1.3999998569],"2":[1.2000001669,1.3999998569],"3":[1.2000001669,1.3999998569],"4":[1.2000001669,1.3999998569],"5":[1.2000001669,1.3999998569],"6":[1.2000001669,1.3999998569],"7":[1.2000001669,1.3999998569],"8":[1.2000001669,1.3999998569],"9":[1.2000001669,1.3999998569],"10":[1.2000001669,1.3999998569],"11":[1.2000001669,1.3999998569],"12":[1.2000001669,1.3999998569],"13":[1.2000001669,1.3999998569],"14":[1.2000001669,1.3999998569],"15":[1.2000001669,1.3999998569],"16":[1.2000001669,1.3999998569],"17":[1.2000001669,1.3999998569],"18":[1.2000001669,1.3999998569]}}