{"J":{"0":1.6000000238,"1":2.5999999046,"2":2.5999999046,"3":2.5999999046,"4":2.5999999046,"5":2.5999999046,"6":2.5999999046,"7":2.5999999046,"8":2.5999999046,"9":2.5999999046,"10":2.5999999046,"11":2.5999999046,"12":2.5999999046,"13":2.5999999046,"14":2.5999999046,"15":2.5999999046,"16":2.5999999046,"17":2.5999999046},"f":{"0":[-2.0,-1.0],"1":[0.0,0.0],"2":[0.0,0.0],"3":[0.0,0.0],"4":[0.0,0.0],"5":[0.0,0.0],"6":[0.0,0.0],"7":[0.0,0.0],"8":[0.0,0.0],"9":[0.0,0.0],"10":[0.0,0.0],"11":[0.0,0.0],"12":[0.0,0.0],"13":[0.0,0.0],"14":[0.0,0.0],"15":[0.0,0.0],"16":[0.0,0.0],"17":[0.0,0.0]},"runtime":{"0":27.784047842,"1":55.9373581409,"2":84.7021057606,"3":112.7288565636,"4":141.5874960423,"5":169.24061203,"6":199.1216709614,"7":229.1694202423,"8":256.6988847256,"9":283.6336860657,"10":312.2543091774,"11":340.2763915062,"12":366.6506330967,"13":395.2411887646,"14":421.8264307976,"15":448.6509120464,"16":475.2638936043,"17":502.3096261024},"vars":{"0":[1.1999999285,0.4000000656],"1":[1.2000001669,1.3999998569],"2":[1.2000001669,1.3999998569],"3":[1.2000001669,1.3999998569],"4":[1.2000001669,1.3999998569],"5":[1.2000001669,1.3999998569],"6":[1.2000001669,1.3999998569],"7":[1.2000001669,1.3999998569],"8":[1.2000001669,1.3999998569],"9":[1.2000001669,1.3999998569],"10":[1.2000001669,1.3999998569],"11":[1.2000001669,1.3999998569],"12":[1.2000001669,1.3999998569],"13":[1.2000001669,1.3999998569],"14":[1.2000001669,1.3999998569],"15":[1.2000001669,1.3999998569],"16":[1.2000001669,1.3999998569],"17":[1.2000001669,1.3999998569]}}