{"J":{"0":1.5999999046,"1":2.5999999046,"2":2.5999999046,"3":2.5999999046,"4":2.5999999046,"5":2.5999999046,"6":2.5999999046,"7":2.5999999046,"8":2.5999999046,"9":2.5999999046,"10":2.5999999046,"11":2.5999999046,"12":2.5999999046,"13":2.5999999046,"14":2.5999999046,"15":2.5999999046,"16":2.5999999046,"17":2.5999999046,"18":2.5999999046},"f":{"0":[-2.0,-1.0],"1":[0.0,0.0],"2":[0.0,0.0],"3":[0.0,0.0],"4":[0.0,0.0],"5":[0.0,0.0],"6":[0.0,0.0],"7":[0.0,0.0],"8":[0.0,0.0],"9":[0.0,0.0],"10":[0.0,0.0],"11":[0.0,0.0],"12":[0.0,0.0],"13":[0.0,0.0],"14":[0.0,0.0],"15":[0.0,0.0],"16":[0.0,0.0],"17":[0.0,0.0],"18":[0.0,0.0]},"runtime":{"0":26.2705347538,"1":52.4107089043,"2":79.3693623543,"3":106.4412915707,"4":132.8442075253,"5":159.4219565392,"6":186.7277534008,"7":214.5076467991,"8":241.9748988152,"9":268.4235887527,"10":295.9091973305,"11":323.6100995541,"12":353.0770237446,"13":380.1923639774,"14":406.3518197536,"15":432.8453328609,"16":459.8526735306,"17":488.7478990555,"18":515.2737019062},"vars":{"0":[1.1999999285,0.4000000358],"1":[1.2000000477,1.3999999762],"2":[1.2000000477,1.3999999762],"3":[1.2000000477,1.3999999762],"4":[1.2000000477,1.3999999762],"5":[1.2000000477,1.3999999762],"6":[1.2000000477,1.3999999762],"7":[1.2000000477,1.3999999762],"8":[1.2000000477,1.3999999762],"9":[1.2000000477,1.3999999762],"10":[1.2000000477,1.3999999762],"11":[1.2000000477,1.3999999762],"12":[1.2000000477,1.3999999762],"13":[1.2000000477,1.3999999762],"14":[1.2000000477,1.3999999762],"15":[1.2000000477,1.3999999762],"16":[1.2000000477,1.3999999762],"17":[1.2000000477,1.3999999762],"18":[1.2000000477,1.3999999762]}}