{"J":{"0":1.5999999046},"f":{"0":[-2.0,-1.0]},"runtime":{"0":26.489887476},"vars":{"0":[1.1999999285,0.4000000358]}}