{"J":{"0":2.5998997688},"f":{"0":[-0.0002002716,-0.0001001358]},"runtime":{"0":28.5744276047},"vars":{"0":[1.2000000477,1.3998998404]}}