{"J":{"0":2.6048727036},"f":{"0":[0.0048294067,0.014705658]},"runtime":{"0":26.5267031193},"vars":{"0":[1.2049164772,1.3999563456]}}