{"J":{"0":94.8564224243,"1":140.3478851318,"2":141.3643493652,"3":141.7927703857,"4":141.9498443604,"5":142.0007324219,"6":142.0158996582,"7":142.0214538574,"8":142.0215454102,"9":142.0227203369,"10":142.0195770264,"11":142.0218811035,"12":142.0217285156,"13":142.0211486816,"14":142.0218658447,"15":142.0282745361,"16":142.0223236084,"17":142.0209350586},"f":{"0":[-4.1032943726,2.938041687,-5.0560302734,4.1897201538],"1":[-2.8155517578,2.0235137939,-3.2450942993,2.945690155],"2":[-2.8549537659,2.0852584839,-2.9119033813,3.145362854],"3":[-2.8770561218,2.1060562134,-2.7708320618,3.2285842896],"4":[-2.8844795227,2.1143493652,-2.7191848755,3.2592010498],"5":[-2.8870010376,2.1169204712,-2.7024383545,3.2691040039],"6":[-2.8877868652,2.1176452637,-2.6974449158,3.2720489502],"7":[-2.887424469,2.118560791,-2.695690155,3.273223877],"8":[-2.887928009,2.1180725098,-2.6955986023,3.2731704712],"9":[-2.8875617981,2.1185455322,-2.6952667236,3.2734603882],"10":[-2.8890190125,2.1168060303,-2.6961174011,3.2725982666],"11":[-2.8879776001,2.1180534363,-2.6954879761,3.2732276917],"12":[-2.8880462646,2.117980957,-2.695526123,3.27318573],"13":[-2.8883285522,2.1176452637,-2.6956863403,3.2730178833],"14":[-2.8880004883,2.1180419922,-2.6954917908,3.2732162476],"15":[-2.8850898743,2.1215286255,-2.6937408447,3.2749671936],"16":[-2.8877754211,2.1182937622,-2.6953697205,3.273349762],"17":[-2.8884315491,2.1175231934,-2.6957435608,3.2729644775]},"runtime":{"0":28.7079937458,"1":57.2758798599,"2":84.6865046024,"3":112.7677924633,"4":142.2632708549,"5":170.0970566273,"6":198.7530374527,"7":227.1247982979,"8":255.2454092503,"9":284.0372869968,"10":312.1375100613,"11":339.8781378269,"12":367.3659954071,"13":395.0949409008,"14":423.458501339,"15":451.2808713913,"16":479.0994741917,"17":506.3836154938},"vars":{"0":[8.8081865311,6.2870898247,0.0,6.897963047,3.9814949036],"1":[15.0415811539,1.0298517942,0.0,0.0,17.8625278473],"2":[15.050028801,0.9974812865,0.0,0.0,18.0453071594],"3":[15.0526313782,0.9825253487,0.0,0.0,18.1233215332],"4":[15.0536985397,0.9772123098,0.0,0.0,18.151802063],"5":[15.05402565,0.9754605293,0.0,0.0,18.1610507965],"6":[15.0541172028,0.9749289751,0.0,0.0,18.1638126373],"7":[15.0542593002,0.9748997092,0.0,0.0,18.1647052765],"8":[15.0541772842,0.9747693539,0.0,0.0,18.1648159027],"9":[15.0542545319,0.9748357534,0.0,0.0,18.1649494171],"10":[15.0539646149,0.9745434523,0.0,0.0,18.1646690369],"11":[15.0541734695,0.9747499228,0.0,0.0,18.1648807526],"12":[15.0541591644,0.9747383595,0.0,0.0,18.1648674011],"13":[15.054101944,0.9746825099,0.0,0.0,18.1648159027],"14":[15.0541677475,0.9747478962,0.0,0.0,18.1648807526],"15":[15.0547513962,0.9753288031,0.0,0.0,18.1654644012],"16":[15.0542144775,0.9747902155,0.0,0.0,18.1649208069],"17":[15.0540828705,0.9746602774,0.0,0.0,18.1647987366]}}