{"J":{"0":97.2415161133,"1":140.3444824219,"2":141.3589172363,"3":141.7909240723,"4":141.9497833252,"5":142.0004425049,"6":142.0158081055,"7":142.0200042725,"8":142.0212554932,"9":142.0221252441,"10":142.021484375,"11":142.021697998,"12":142.0217590332,"13":142.0218200684,"14":142.0215759277,"15":142.0190582275,"16":142.0218811035,"17":142.0193786621},"f":{"0":[-4.0290603638,2.8802566528,-4.9823684692,4.1123962402],"1":[-2.8123435974,2.0289840698,-3.2461662292,2.9440994263],"2":[-2.856338501,2.0845184326,-2.9133377075,3.1434402466],"3":[-2.8775405884,2.1058044434,-2.7713165283,3.2279205322],"4":[-2.8843841553,2.1145553589,-2.7191963196,3.2591400146],"5":[-2.8871078491,2.1168212891,-2.7025184631,3.2690048218],"6":[-2.8878288269,2.1176223755,-2.697467804,3.2720108032],"7":[-2.888053894,2.1177940369,-2.6960868835,3.2728385925],"8":[-2.8880805969,2.117893219,-2.6956787109,3.2730865479],"9":[-2.8878364563,2.1182174683,-2.6954269409,3.2732963562],"10":[-2.8881416321,2.1178512573,-2.6955986023,3.2731246948],"11":[-2.8880691528,2.1179580688,-2.6955375671,3.2731704712],"12":[-2.8880577087,2.1179733276,-2.6955184937,3.27318573],"13":[-2.8880157471,2.118019104,-2.6955070496,3.2732086182],"14":[-2.8881225586,2.1178855896,-2.6955718994,3.2731399536],"15":[-2.8892745972,2.1165008545,-2.6962547302,3.2724533081],"16":[-2.888004303,2.1180419922,-2.6954879761,3.2732162476],"17":[-2.8891105652,2.1166992188,-2.6961708069,3.2725448608]},"runtime":{"0":29.0988237858,"1":56.7558858395,"2":84.8027362823,"3":112.0329270363,"4":139.3242051601,"5":166.5733196735,"6":194.3395233154,"7":221.3440055847,"8":248.0035352707,"9":277.0846683979,"10":304.5529737473,"11":333.2757985592,"12":360.8882448673,"13":390.3049764633,"14":417.9053587914,"15":445.2390506268,"16":474.1302397251,"17":502.3748838902},"vars":{"0":[9.1456947327,6.0040817261,0.0,6.5256924629,4.7182369232],"1":[15.0414886475,1.0315945148,0.0,0.0,17.861120224],"2":[15.0494642258,0.9976355433,0.0,0.0,18.0445137024],"3":[15.0524339676,0.9825787544,0.0,0.0,18.123052597],"4":[15.0536880493,0.977276206,0.0,0.0,18.151763916],"5":[15.0539960861,0.9754527807,0.0,0.0,18.1610145569],"6":[15.0541057587,0.9749287367,0.0,0.0,18.1638011932],"7":[15.0541343689,0.9747724533,0.0,0.0,18.1645698547],"8":[15.0541467667,0.9747388959,0.0,0.0,18.1647911072],"9":[15.0542001724,0.974780798,0.0,0.0,18.1648960114],"10":[15.0541400909,0.9747178555,0.0,0.0,18.1648426056],"11":[15.0541534424,0.9747347236,0.0,0.0,18.1648635864],"12":[15.0541572571,0.9747358561,0.0,0.0,18.1648731232],"13":[15.0541667938,0.9747437239,0.0,0.0,18.1648750305],"14":[15.0541448593,0.974722147,0.0,0.0,18.1648521423],"15":[15.0539140701,0.9744904637,0.0,0.0,18.1646270752],"16":[15.0541677475,0.974747479,0.0,0.0,18.1648826599],"17":[15.0539464951,0.9745250344,0.0,0.0,18.1646518707]}}