{"J":{"0":94.5555648804,"1":140.3538360596,"2":141.3644256592,"3":141.7930603027,"4":141.9500427246,"5":142.0007019043,"6":142.0156555176,"7":142.0202026367,"8":142.0229797363,"9":142.0166931152,"10":142.0225219727,"11":142.0202636719,"12":142.024520874,"13":142.021194458,"14":142.0215454102,"15":142.0203552246,"16":142.0211486816,"17":142.0197143555},"f":{"0":[-4.1111793518,2.9453086853,-5.0666503906,4.1993408203],"1":[-2.8142776489,2.0254020691,-3.2433013916,2.9470672607],"2":[-2.8558883667,2.0844192505,-2.9117660522,3.145198822],"3":[-2.877281189,2.1058959961,-2.7707061768,3.2285919189],"4":[-2.8844871521,2.114364624,-2.7191162109,3.2592391968],"5":[-2.8870429993,2.1168746948,-2.7024459839,3.2690887451],"6":[-2.8879127502,2.117515564,-2.6975097656,3.2719726562],"7":[-2.8879890442,2.1178894043,-2.6960258484,3.2728843689],"8":[-2.8872909546,2.1188354492,-2.6952095032,3.2735595703],"9":[-2.890296936,2.1152648926,-2.6969108582,3.2718200684],"10":[-2.887676239,2.1184158325,-2.6953163147,3.2734031677],"11":[-2.8887252808,2.1171684265,-2.695930481,3.2727813721],"12":[-2.8867797852,2.1194915771,-2.694770813,3.2739486694],"13":[-2.8883094788,2.1176681519,-2.6956748962,3.2730331421],"14":[-2.8881378174,2.1178741455,-2.6955757141,3.2731323242],"15":[-2.8886833191,2.1172103882,-2.6958999634,3.2728118896],"16":[-2.8883171082,2.1176528931,-2.695690155,3.2730255127],"17":[-2.8889884949,2.116859436,-2.6960754395,3.2726249695]},"runtime":{"0":26.9811248779,"1":55.434482336,"2":83.6304554939,"3":111.9950752258,"4":139.3785820007,"5":167.1752007008,"6":194.6037726402,"7":224.6945154667,"8":251.8694870472,"9":279.093318224,"10":306.5546646118,"11":334.6271240711,"12":363.3517975807,"13":390.4765689373,"14":419.0068619251,"15":445.9700353146,"16":475.270113945,"17":504.9118337631},"vars":{"0":[8.7664937973,6.3224840164,0.0,6.9443693161,3.8888792992],"1":[15.0418720245,1.0300519466,0.0,0.0,17.8633232117],"2":[15.0498580933,0.9972695112,0.0,0.0,18.0454826355],"3":[15.0525903702,0.982473135,0.0,0.0,18.1234111786],"4":[15.0537004471,0.9772059917,0.0,0.0,18.1518383026],"5":[15.0540180206,0.975451231,0.0,0.0,18.1610507965],"6":[15.0540904999,0.9749080539,0.0,0.0,18.1637916565],"7":[15.054145813,0.9747874141,0.0,0.0,18.1645927429],"8":[15.0543060303,0.9748958945,0.0,0.0,18.1649475098],"9":[15.0537090302,0.974288702,0.0,0.0,18.1644001007],"10":[15.054233551,0.974811852,0.0,0.0,18.1649360657],"11":[15.0540237427,0.9746025205,0.0,0.0,18.1647338867],"12":[15.0544137955,0.9749885201,0.0,0.0,18.1651210785],"13":[15.0541067123,0.9746857882,0.0,0.0,18.1648197174],"14":[15.0541410446,0.9747197628,0.0,0.0,18.1648521423],"15":[15.0540323257,0.9746086597,0.0,0.0,18.1647453308],"16":[15.0541057587,0.9746835232,0.0,0.0,18.1648139954],"17":[15.0539693832,0.9745514393,0.0,0.0,18.164686203]}}