{"J":{"0":79.9427642822,"1":92.5806427002,"2":92.5806427002,"3":92.5806427002,"4":92.5806427002,"5":92.5806427002,"6":92.5806427002,"7":92.5806427002,"8":92.5806427002,"9":92.5806427002,"10":92.5806427002,"11":92.5806427002,"12":92.5806427002,"13":92.5806427002,"14":92.5806427002,"15":92.5806427002,"16":92.5806427002,"17":92.5806427002,"18":92.5806427002},"f":{"0":[-3.2258071899,-0.3225822449,-7.25806427,6.4360046387],"1":[0.0,0.0000038147,0.0,16.6128997803],"2":[0.0,0.0000038147,0.0,16.6128997803],"3":[0.0,0.0000038147,0.0,16.6128997803],"4":[0.0,0.0000038147,0.0,16.6128997803],"5":[0.0,0.0000038147,0.0,16.6128997803],"6":[0.0,0.0000038147,0.0,16.6128997803],"7":[0.0,0.0000038147,0.0,16.6128997803],"8":[0.0,0.0000038147,0.0,16.6128997803],"9":[0.0,0.0000038147,0.0,16.6128997803],"10":[0.0,0.0000038147,0.0,16.6128997803],"11":[0.0,0.0000038147,0.0,16.6128997803],"12":[0.0,0.0000038147,0.0,16.6128997803],"13":[0.0,0.0000038147,0.0,16.6128997803],"14":[0.0,0.0000038147,0.0,16.6128997803],"15":[0.0,0.0000038147,0.0,16.6128997803],"16":[0.0,0.0000038147,0.0,16.6128997803],"17":[0.0,0.0000038147,0.0,16.6128997803],"18":[0.0,0.0000038147,0.0,16.6128997803]},"runtime":{"0":26.691079855,"1":53.3626172543,"2":79.8376226425,"3":105.8842878342,"4":132.0893683434,"5":159.3324890137,"6":189.320438385,"7":216.0103173256,"8":242.6517891884,"9":268.9084780216,"10":296.013261795,"11":322.5743033886,"12":349.5957071781,"13":378.354542017,"14":405.0244040489,"15":431.738150835,"16":458.7573552132,"17":485.2027871609,"18":511.3056442738},"vars":{"0":[8.2882413864,6.5972938538,0.0,8.7148799896,0.0],"1":[8.5483865738,6.6129040718,0.0,11.129032135,0.0],"2":[8.5483865738,6.6129040718,0.0,11.129032135,0.0],"3":[8.5483865738,6.6129040718,0.0,11.129032135,0.0],"4":[8.5483865738,6.6129040718,0.0,11.129032135,0.0],"5":[8.5483865738,6.6129040718,0.0,11.129032135,0.0],"6":[8.5483865738,6.6129040718,0.0,11.129032135,0.0],"7":[8.5483865738,6.6129040718,0.0,11.129032135,0.0],"8":[8.5483865738,6.6129040718,0.0,11.129032135,0.0],"9":[8.5483865738,6.6129040718,0.0,11.129032135,0.0],"10":[8.5483865738,6.6129040718,0.0,11.129032135,0.0],"11":[8.5483865738,6.6129040718,0.0,11.129032135,0.0],"12":[8.5483865738,6.6129040718,0.0,11.129032135,0.0],"13":[8.5483865738,6.6129040718,0.0,11.129032135,0.0],"14":[8.5483865738,6.6129040718,0.0,11.129032135,0.0],"15":[8.5483865738,6.6129040718,0.0,11.129032135,0.0],"16":[8.5483865738,6.6129040718,0.0,11.129032135,0.0],"17":[8.5483865738,6.6129040718,0.0,11.129032135,0.0],"18":[8.5483865738,6.6129040718,0.0,11.129032135,0.0]}}