{"J":{"0":79.9427337646},"f":{"0":[-3.2258262634,-0.3225631714,-7.2580757141,6.4359588623]},"runtime":{"0":28.6568853855},"vars":{"0":[8.2882318497,6.5973010063,0.0,8.7148742676,0.0]}}