{"J":{"0":79.9427642822},"f":{"0":[-3.2258071899,-0.3225822449,-7.25806427,6.4360046387]},"runtime":{"0":28.6888434887},"vars":{"0":[8.2882413864,6.5972938538,0.0,8.7148799896,0.0]}}