{"J":{"0":123.0759124756},"f":{"0":[-0.0007247925,17.7126579285,1.8505630493,7.1722564697]},"runtime":{"0":27.2407410145},"vars":{"0":[8.0051555634,6.7579102516,6.2771720886,6.1908144951,5.1215181351]}}