{"J":{"0":-49.9867477417,"1":-49.9445571899,"2":-49.8882064819,"3":-49.8173408508,"4":-49.7300415039,"5":-49.6233787537},"f":{"0":[-4.0,-2.0],"1":[-4.0,-2.0],"2":[-4.0,-2.0],"3":[-4.0,-2.0],"4":[-4.0,-2.0],"5":[-4.0,-2.0]},"runtime":{"0":15.5291326046,"1":30.2096097469,"2":49.5965402126,"3":73.1701364517,"4":88.9117999077,"5":106.5249779224},"vars":{"0":[-24.9957046509,-24.9910449982],"1":[-24.9829978943,-24.9615573883],"2":[-24.9671573639,-24.9210472107],"3":[-24.9480323792,-24.8693084717],"4":[-24.9251327515,-24.8049068451],"5":[-24.8978157043,-24.7255630493]}}