{"J":{"0":-6.1971626282,"1":-2.3028182983,"2":-2.2372808456,"3":-2.2013731003,"4":-2.178935051,"5":-2.1638507843},"f":{"0":[-2.0544447899,-0.1732949018],"1":[-0.0943303108,-0.0000007153],"2":[-0.0604777336,-0.0000004172],"3":[-0.042147398,-0.0000004172],"4":[-0.0307703018,-0.0000003576],"5":[-0.0231571198,-0.0000003576]},"runtime":{"0":16.5018212795,"1":33.4632108212,"2":50.2939362526,"3":72.9136266708,"4":89.7917604446,"5":105.5930500031},"vars":{"0":[-13.5719623566,7.3747997284],"1":[-12.0146512985,9.7118330002],"2":[-12.0137891769,9.7765083313],"3":[-12.0136604309,9.8122873306],"4":[-12.0137195587,9.8347845078],"5":[-12.0138111115,9.8499603271]}}