{"J":{"0":-11.9842357635,"1":-5.2176437378,"2":-5.2176437378,"3":-5.2176437378,"4":-5.2176437378,"5":-5.2176437378,"6":-5.2176437378,"7":-5.2176437378,"8":-5.2176437378,"9":-5.2176437378,"10":-5.2176437378,"11":-5.2176437378,"12":-5.2176437378,"13":-5.2176437378,"14":-5.2176437378},"f":{"0":[-2.2645795345,-0.2254793644],"1":[0.3663225174,0.0],"2":[0.3663225174,0.0],"3":[0.3663225174,0.0],"4":[0.3663225174,0.0],"5":[0.3663225174,0.0],"6":[0.3663225174,0.0],"7":[0.3663225174,0.0],"8":[0.3663225174,0.0],"9":[0.3663225174,0.0],"10":[0.3663225174,0.0],"11":[0.3663225174,0.0],"12":[0.3663225174,0.0],"13":[0.3663225174,0.0],"14":[0.3663225174,0.0]},"runtime":{"0":32.3426403999,"1":66.0625944138,"2":100.4980630875,"3":133.5828998089,"4":165.7174520493,"5":200.5395429134,"6":234.0150706768,"7":267.0516266823,"8":301.8741493225,"9":343.1493797302,"10":375.7690374851,"11":412.22433424,"12":455.6540434361,"13":489.9101476669,"14":523.6952037811},"vars":{"0":[-25.0,13.0157642365],"1":[-25.0,19.7823562622],"2":[-25.0,19.7823562622],"3":[-25.0,19.7823562622],"4":[-25.0,19.7823562622],"5":[-25.0,19.7823562622],"6":[-25.0,19.7823562622],"7":[-25.0,19.7823562622],"8":[-25.0,19.7823562622],"9":[-25.0,19.7823562622],"10":[-25.0,19.7823562622],"11":[-25.0,19.7823562622],"12":[-25.0,19.7823562622],"13":[-25.0,19.7823562622],"14":[-25.0,19.7823562622]}}