{"J":{"0":-3.6396770477,"1":-2.3893918991,"2":-2.2372655869,"3":-2.1741962433,"4":-2.141658783,"5":-2.1229887009,"6":-2.1115541458},"f":{"0":[-0.8784685135,-0.0001316667],"1":[-0.1614222527,-0.0000013113],"2":[-0.0786848068,-0.000000596],"3":[-0.0451498032,-0.0000004172],"4":[-0.0280685425,-0.0000003576],"5":[-0.0183367729,-0.000000298],"6":[-0.0123996735,-0.0000003576]},"runtime":{"0":16.2776012421,"1":32.4421103001,"2":50.0576372147,"3":67.4651670456,"4":84.5562469959,"5":99.5801770687,"6":115.0736620426},"vars":{"0":[-12.0931024551,8.4534254074],"1":[-11.8957214355,9.5063295364],"2":[-11.9067897797,9.6695241928],"3":[-11.9131813049,9.7389850616],"4":[-11.9167013168,9.7750425339],"5":[-11.9187898636,9.7958011627],"6":[-11.9201030731,9.8085489273]}}