{"J":{"0":-12.3884820938,"1":-12.0418252945,"2":-6.1512413025,"3":-6.140504837,"4":-6.1329669952,"5":-6.1274013519,"6":-6.1231460571,"7":-6.1198139191,"8":-6.1171569824,"9":-6.1150035858,"10":-6.1132411957,"11":-6.111782074,"12":-6.1105651855,"13":-6.1095409393,"14":-6.1086750031},"f":{"0":[-2.3520047665,-0.7805903554],"1":[-2.2769517899,-0.2758340836],"2":[-0.0230240822,0.0],"3":[-0.017895937,0.0],"4":[-0.0143041611,0.0],"5":[-0.0116558075,0.0],"6":[-0.0096340179,0.0],"7":[-0.0080518723,0.0],"8":[-0.0067915916,0.0],"9":[-0.0057702065,0.0],"10":[-0.0049352646,0.0],"11":[-0.0042438507,0.0],"12":[-0.0036680698,0.0],"13":[-0.003182888,0.0],"14":[-0.0027728081,0.0]},"runtime":{"0":32.8623740673,"1":66.8861894608,"2":103.5627353191,"3":136.5979475975,"4":170.4598684311,"5":204.6914715767,"6":237.9711067677,"7":270.0527136326,"8":302.7143032551,"9":335.8843407631,"10":368.3835217953,"11":401.1004285812,"12":433.4425487518,"13":468.5125198364,"14":504.2211754322},"vars":{"0":[-25.0,12.6115179062],"1":[-25.0,12.9581747055],"2":[-25.0,18.8487586975],"3":[-25.0,18.859495163],"4":[-25.0,18.8670330048],"5":[-25.0,18.8725986481],"6":[-25.0,18.8768539429],"7":[-25.0,18.8801860809],"8":[-25.0,18.8828430176],"9":[-25.0,18.8849964142],"10":[-25.0,18.8867588043],"11":[-25.0,18.888217926],"12":[-25.0,18.8894348145],"13":[-25.0,18.8904590607],"14":[-25.0,18.8913249969]}}