{"J":{"0":-12.1505012512,"1":-5.9261264801,"2":-5.9261264801,"3":-5.9261264801,"4":-5.9261264801,"5":-5.9261264801,"6":-5.9261264801,"7":-5.9261264801,"8":-5.9261264801,"9":-5.9261264801,"10":-5.9261264801,"11":-5.9261264801,"12":-5.9261264801,"13":-5.9261264801,"14":-5.9261264801},"f":{"0":[-2.300355196,-0.3962689042],"1":[0.0815925598,0.0],"2":[0.0815925598,0.0],"3":[0.0815925598,0.0],"4":[0.0815925598,0.0],"5":[0.0815925598,0.0],"6":[0.0815925598,0.0],"7":[0.0815925598,0.0],"8":[0.0815925598,0.0],"9":[0.0815925598,0.0],"10":[0.0815925598,0.0],"11":[0.0815925598,0.0],"12":[0.0815925598,0.0],"13":[0.0815925598,0.0],"14":[0.0815925598,0.0]},"runtime":{"0":35.0504741669,"1":72.0769891739,"2":105.4456002712,"3":138.7766516209,"4":172.6479139328,"5":205.1289315224,"6":237.7175114155,"7":270.4154894352,"8":302.975995779,"9":335.771146059,"10":368.1581282616,"11":404.0513651371,"12":438.4657216072,"13":472.3544280529,"14":505.7001469135},"vars":{"0":[-25.0,12.8494987488],"1":[-25.0,19.0738735199],"2":[-25.0,19.0738735199],"3":[-25.0,19.0738735199],"4":[-25.0,19.0738735199],"5":[-25.0,19.0738735199],"6":[-25.0,19.0738735199],"7":[-25.0,19.0738735199],"8":[-25.0,19.0738735199],"9":[-25.0,19.0738735199],"10":[-25.0,19.0738735199],"11":[-25.0,19.0738735199],"12":[-25.0,19.0738735199],"13":[-25.0,19.0738735199],"14":[-25.0,19.0738735199]}}