{"J":{"0":-7.9627475739,"1":-6.2147369385,"2":-6.1559085846,"3":-6.1319255829,"4":-6.1200637817,"5":-6.1135597229,"6":-6.1097545624,"7":-6.107421875,"8":-6.1059417725,"9":-6.1049766541,"10":-6.1043319702,"11":-6.10389328,"12":-6.1035900116,"13":-6.1033782959,"14":-6.1032276154},"f":{"0":[-0.9765775204,0.0],"1":[-0.0536165237,0.0],"2":[-0.0252571106,0.0],"3":[-0.0138082504,0.0],"4":[-0.0081708431,0.0],"5":[-0.0050861835,0.0],"6":[-0.0032842159,0.0],"7":[-0.0021796227,0.0],"8":[-0.0014798641,0.0],"9":[-0.0010237694,0.0],"10":[-0.0007185936,0.0],"11":[-0.0005111694,0.0],"12":[-0.0003681183,0.0],"13":[-0.0002675056,0.0],"14":[-0.0001969337,0.0]},"runtime":{"0":32.3241393566,"1":67.1641125679,"2":100.3033487797,"3":132.8222663403,"4":176.8357181549,"5":225.5932617188,"6":259.1050758362,"7":292.7632541656,"8":329.6527180672,"9":363.6709485054,"10":397.7219488621,"11":430.3609857559,"12":463.075701952,"13":494.7203207016,"14":523.8990621567},"vars":{"0":[-25.0,17.0372524261],"1":[-25.0,18.7852630615],"2":[-25.0,18.8440914154],"3":[-25.0,18.8680744171],"4":[-25.0,18.8799362183],"5":[-25.0,18.8864402771],"6":[-25.0,18.8902454376],"7":[-25.0,18.892578125],"8":[-25.0,18.8940582275],"9":[-25.0,18.8950233459],"10":[-25.0,18.8956680298],"11":[-25.0,18.89610672],"12":[-25.0,18.8964099884],"13":[-25.0,18.8966217041],"14":[-25.0,18.8967723846]}}