{"J":{"0":-7.4611420631,"1":-4.3337364197,"2":-3.0038080215,"3":-2.7383842468,"4":-2.59379673},"f":{"0":[-2.3028564453,-0.7253457904],"1":[-1.2004871368,-0.0007097125],"2":[-0.4612431526,-0.0000087023],"3":[-0.3147351742,-0.0000033379],"4":[-0.2366714478,-0.000001967]},"runtime":{"0":28.0338776112,"1":45.4819507599,"2":63.7314002514,"3":81.3002800941,"4":101.9376380444},"vars":{"0":[-15.2041749954,7.7430329323],"1":[-12.6393003464,8.3055639267],"2":[-12.176615715,9.1728076935],"3":[-12.1235599518,9.385175705],"4":[-12.1011753082,9.5073785782]}}