{"J":{"0":-50.0,"1":-50.0,"2":-12.3549251556,"3":-12.2698640823,"4":-12.2172470093,"5":-12.1776952744,"6":-12.1453342438,"7":-12.117518425,"8":-12.0928201675,"9":-12.0703697205,"10":-12.0496015549,"11":-12.0301189423},"f":{"0":[-4.0,-2.0],"1":[-4.0,-2.0],"2":[-2.3446798325,-0.7177274227],"3":[-2.3261785507,-0.5696942806],"4":[-2.3147771358,-0.4879487753],"5":[-2.3062257767,-0.4319700599],"6":[-2.2992403507,-0.3897425532],"7":[-2.2932429314,-0.3560088873],"8":[-2.2879230976,-0.3280116916],"9":[-2.2830910683,-0.3041234612],"10":[-2.2786240578,-0.2833142877],"11":[-2.2744357586,-0.2648870349]},"runtime":{"0":44.7085146904,"1":89.6467497349,"2":132.4297163486,"3":176.0163264275,"4":219.4428369999,"5":262.6311843395,"6":307.0213284492,"7":350.7154350281,"8":396.186801672,"9":438.9970412254,"10":483.1373038292,"11":526.9052326679},"vars":{"0":[-25.0,-25.0],"1":[-25.0,-25.0],"2":[-25.0,12.6450748444],"3":[-25.0,12.7301359177],"4":[-25.0,12.7827529907],"5":[-25.0,12.8223047256],"6":[-25.0,12.8546657562],"7":[-25.0,12.882481575],"8":[-25.0,12.9071798325],"9":[-25.0,12.9296302795],"10":[-25.0,12.9503984451],"11":[-25.0,12.9698810577]}}