{"J":{"0":-49.412525177,"1":-7.0926146507,"2":-6.5566492081,"3":-4.8082771301,"4":-3.4693937302,"5":-3.1839370728},"f":{"0":[-4.0,-2.0],"1":[-2.2061955929,-0.3870050907],"2":[-2.1067771912,-0.2157757282],"3":[-1.4362792969,-0.0028173327],"4":[-0.7078754902,-0.0000377893],"5":[-0.5489826202,-0.0000144243]},"runtime":{"0":14.6751945019,"1":34.1165759563,"2":48.3322088718,"3":68.095512867,"4":90.4217617512,"5":105.6213092804},"vars":{"0":[-24.8451843262,-24.5673408508],"1":[-14.8989343643,7.8063197136],"2":[-14.1695480347,7.6128988266],"3":[-12.8984041214,8.0901269913],"4":[-12.3769578934,8.9075641632],"5":[-12.2851352692,9.1011981964]}}