{"J":{"0":-2.4119234085,"1":-2.0651168823,"2":-2.0367460251,"3":-2.0291843414,"4":-2.0264778137,"5":-2.0253419876,"6":-2.0248231888},"f":{"0":[-0.2043156624,-0.000001967],"1":[-0.0207762718,-0.0000004768],"2":[-0.0063319206,-0.000000298],"3":[-0.0024967194,-0.0000002384],"4":[-0.0011234283,-0.0000004768],"5":[-0.0005497932,-0.0000002384],"6":[-0.0002858639,-0.0000003576]},"runtime":{"0":15.8849561214,"1":30.4295418262,"2":45.7323601246,"3":65.5238213539,"4":83.3028936386,"5":99.9850878716,"6":116.1739153862},"vars":{"0":[-11.7277345657,9.3158111572],"1":[-11.7284660339,9.6633491516],"2":[-11.7300033569,9.6932573318],"3":[-11.7304592133,9.7012748718],"4":[-11.7306394577,9.704161644],"5":[-11.7307024002,9.7053604126],"6":[-11.7307405472,9.7059173584]}}