{"J":{"0":-11.9842357635},"f":{"0":[-2.2645795345,-0.2254793644]},"runtime":{"0":31.6646683216},"vars":{"0":[-25.0,13.0157642365]}}