{"J":{"0":-7.4611420631},"f":{"0":[-2.3028564453,-0.7253457904]},"runtime":{"0":16.0520288944},"vars":{"0":[-15.2041749954,7.7430329323]}}