{"J":{"0":-6.1971626282},"f":{"0":[-2.0544447899,-0.1732949018]},"runtime":{"0":17.9436335564},"vars":{"0":[-13.5719623566,7.3747997284]}}