{"J":{"0":-12.1505012512},"f":{"0":[-2.300355196,-0.3962689042]},"runtime":{"0":33.996938467},"vars":{"0":[-25.0,12.8494987488]}}