{"J":{"0":-49.9867477417},"f":{"0":[-4.0,-2.0]},"runtime":{"0":17.8795866966},"vars":{"0":[-24.9957046509,-24.9910449982]}}