{"J":{"0":-12.3884820938},"f":{"0":[-2.3520047665,-0.7805903554]},"runtime":{"0":33.782201767},"vars":{"0":[-25.0,12.6115179062]}}