{"J":{"0":-3.6396770477},"f":{"0":[-0.8784685135,-0.0001316667]},"runtime":{"0":18.9640653133},"vars":{"0":[-12.0931024551,8.4534254074]}}