{"J":{"0":-7.9627475739},"f":{"0":[-0.9765775204,0.0]},"runtime":{"0":34.4854149818},"vars":{"0":[-25.0,17.0372524261]}}