{"J":{"0":-2.4119234085},"f":{"0":[-0.2043156624,-0.000001967]},"runtime":{"0":16.1136465073},"vars":{"0":[-11.7277345657,9.3158111572]}}