{"J":{"0":0.2623152733,"1":-6.3282394409,"2":-6.3560657501,"3":-6.3813819885,"4":-6.3999729156,"5":-6.4106407166,"6":-6.415266037,"7":-6.417974472,"8":-6.4185390472,"9":-6.4181137085,"10":-6.4191379547,"11":-6.4187030792,"12":-6.4186286926,"13":-6.4187297821,"14":-6.4187355042,"15":-6.4187431335},"f":{"0":[-3.8818571568,2.6304578781],"1":[0.2652816772,0.2312808037],"2":[0.1818008423,0.1542518139],"3":[0.1058540344,0.0912431479],"4":[0.0500793457,0.0488710999],"5":[0.0180778503,0.0259428024],"6":[0.0042037964,0.0163016319],"7":[-0.0039215088,0.0107383132],"8":[-0.0056152344,0.009586215],"9":[-0.0043411255,0.0104539394],"10":[-0.0074157715,0.0083669424],"11":[-0.006111145,0.0092520118],"12":[-0.0058860779,0.0094035268],"13":[-0.006187439,0.0091975927],"14":[-0.0062065125,0.0091859698],"15":[-0.0062294006,0.009170413]},"runtime":{"0":31.2137715816,"1":65.2093296051,"2":96.8064653873,"3":128.0427002907,"4":158.3909823895,"5":188.374566555,"6":218.4000911713,"7":249.3160257339,"8":287.0195226669,"9":316.9109210968,"10":350.4096651077,"11":382.2613606453,"12":412.1999981403,"13":442.4916131496,"14":473.4305179119,"15":504.4251317978},"vars":{"0":[-1.0811969042,1.3435121775],"1":[-25.0,18.6717605591],"2":[-25.0,18.6439342499],"3":[-25.0,18.6186180115],"4":[-25.0,18.6000270844],"5":[-25.0,18.5893592834],"6":[-25.0,18.584733963],"7":[-25.0,18.582025528],"8":[-25.0,18.5814609528],"9":[-25.0,18.5818862915],"10":[-25.0,18.5808620453],"11":[-25.0,18.5812969208],"12":[-25.0,18.5813713074],"13":[-25.0,18.5812702179],"14":[-25.0,18.5812644958],"15":[-25.0,18.5812568665]}}