{"J":{"0":0.2623152733,"1":-6.3282394409,"2":-6.3560657501,"3":-6.3813819885,"4":-6.3999729156,"5":-6.4106407166,"6":-6.415266037,"7":-6.417974472,"8":-6.4185390472,"9":-6.4181137085,"10":-6.4191379547,"11":-6.4187030792,"12":-6.4186286926,"13":-6.4187297821,"14":-6.4187355042,"15":-6.4187431335,"16":-6.4182491302},"f":{"0":[-3.8818571568,2.6304578781],"1":[0.2652816772,0.2312808037],"2":[0.1818008423,0.1542518139],"3":[0.1058540344,0.0912431479],"4":[0.0500793457,0.0488710999],"5":[0.0180778503,0.0259428024],"6":[0.0042037964,0.0163016319],"7":[-0.0039215088,0.0107383132],"8":[-0.0056152344,0.009586215],"9":[-0.0043411255,0.0104539394],"10":[-0.0074157715,0.0083669424],"11":[-0.006111145,0.0092520118],"12":[-0.0058860779,0.0094035268],"13":[-0.006187439,0.0091975927],"14":[-0.0062065125,0.0091859698],"15":[-0.0062294006,0.009170413],"16":[-0.0047454834,0.0101775527]},"runtime":{"0":28.9411242008,"1":59.1535749435,"2":89.3631823063,"3":119.5778193474,"4":148.9575715065,"5":179.9164838791,"6":211.2140102386,"7":241.3269598484,"8":271.5272805691,"9":302.4549055099,"10":332.261002779,"11":361.5250566006,"12":391.3015851974,"13":433.7617974281,"14":463.176787138,"15":493.8903164864,"16":529.674328804},"vars":{"0":[-1.0811969042,1.3435121775],"1":[-25.0,18.6717605591],"2":[-25.0,18.6439342499],"3":[-25.0,18.6186180115],"4":[-25.0,18.6000270844],"5":[-25.0,18.5893592834],"6":[-25.0,18.584733963],"7":[-25.0,18.582025528],"8":[-25.0,18.5814609528],"9":[-25.0,18.5818862915],"10":[-25.0,18.5808620453],"11":[-25.0,18.5812969208],"12":[-25.0,18.5813713074],"13":[-25.0,18.5812702179],"14":[-25.0,18.5812644958],"15":[-25.0,18.5812568665],"16":[-25.0,18.5817508698]}}