{"J":{"0":-6.9607868195,"1":-6.3481349945,"2":-6.3481349945,"3":-6.3481349945,"4":-6.3481349945,"5":-6.3481349945,"6":-6.3481349945,"7":-6.3481349945,"8":-6.3481349945,"9":-6.3481349945,"10":-6.3481349945,"11":-6.3481349945,"12":-6.3481349945,"13":-6.3481349945,"14":-6.3481349945,"15":-6.3481349945,"16":-6.3481349945},"f":{"0":[-1.6323623657,-0.4417579174],"1":[0.2055969238,0.1753393412],"2":[0.2055969238,0.1753393412],"3":[0.2055969238,0.1753393412],"4":[0.2055969238,0.1753393412],"5":[0.2055969238,0.1753393412],"6":[0.2055969238,0.1753393412],"7":[0.2055969238,0.1753393412],"8":[0.2055969238,0.1753393412],"9":[0.2055969238,0.1753393412],"10":[0.2055969238,0.1753393412],"11":[0.2055969238,0.1753393412],"12":[0.2055969238,0.1753393412],"13":[0.2055969238,0.1753393412],"14":[0.2055969238,0.1753393412],"15":[0.2055969238,0.1753393412],"16":[0.2055969238,0.1753393412]},"runtime":{"0":29.9923024178,"1":59.3251235485,"2":89.8104975224,"3":120.5247011185,"4":149.2141427994,"5":180.2298455238,"6":210.2941040993,"7":240.8156626225,"8":270.5037469864,"9":298.9877681732,"10":327.8791410923,"11":357.70799613,"12":386.7512335777,"13":415.2378537655,"14":445.5637013912,"15":477.4339733124,"16":508.5703852177},"vars":{"0":[-25.0,18.0392131805],"1":[-25.0,18.6518650055],"2":[-25.0,18.6518650055],"3":[-25.0,18.6518650055],"4":[-25.0,18.6518650055],"5":[-25.0,18.6518650055],"6":[-25.0,18.6518650055],"7":[-25.0,18.6518650055],"8":[-25.0,18.6518650055],"9":[-25.0,18.6518650055],"10":[-25.0,18.6518650055],"11":[-25.0,18.6518650055],"12":[-25.0,18.6518650055],"13":[-25.0,18.6518650055],"14":[-25.0,18.6518650055],"15":[-25.0,18.6518650055],"16":[-25.0,18.6518650055]}}