{"J":{"0":-6.9607868195,"1":-6.3481349945,"2":-6.3481349945,"3":-6.3481349945,"4":-6.3481349945,"5":-6.3481349945,"6":-6.3481349945,"7":-6.3481349945,"8":-6.3481349945,"9":-6.3481349945,"10":-6.3481349945,"11":-6.3481349945,"12":-6.3481349945,"13":-6.3481349945,"14":-6.3481349945,"15":-6.3481349945},"f":{"0":[-1.6323623657,-0.4417579174],"1":[0.2055969238,0.1753393412],"2":[0.2055969238,0.1753393412],"3":[0.2055969238,0.1753393412],"4":[0.2055969238,0.1753393412],"5":[0.2055969238,0.1753393412],"6":[0.2055969238,0.1753393412],"7":[0.2055969238,0.1753393412],"8":[0.2055969238,0.1753393412],"9":[0.2055969238,0.1753393412],"10":[0.2055969238,0.1753393412],"11":[0.2055969238,0.1753393412],"12":[0.2055969238,0.1753393412],"13":[0.2055969238,0.1753393412],"14":[0.2055969238,0.1753393412],"15":[0.2055969238,0.1753393412]},"runtime":{"0":30.226118803,"1":59.9102516174,"2":91.4302866459,"3":121.2747960091,"4":157.1031341553,"5":186.8824965954,"6":216.9195730686,"7":247.2086348534,"8":278.2426917553,"9":307.5292050838,"10":336.8528428078,"11":368.1819734573,"12":399.4927930832,"13":429.7307214737,"14":471.1130597591,"15":501.6605248451},"vars":{"0":[-25.0,18.0392131805],"1":[-25.0,18.6518650055],"2":[-25.0,18.6518650055],"3":[-25.0,18.6518650055],"4":[-25.0,18.6518650055],"5":[-25.0,18.6518650055],"6":[-25.0,18.6518650055],"7":[-25.0,18.6518650055],"8":[-25.0,18.6518650055],"9":[-25.0,18.6518650055],"10":[-25.0,18.6518650055],"11":[-25.0,18.6518650055],"12":[-25.0,18.6518650055],"13":[-25.0,18.6518650055],"14":[-25.0,18.6518650055],"15":[-25.0,18.6518650055]}}