{"J":{"0":-6.9607868195},"f":{"0":[-1.6323623657,-0.4417579174]},"runtime":{"0":30.1838445663},"vars":{"0":[-25.0,18.0392131805]}}