{"J":{"0":0.9646437168},"f":{"0":[0.0526571274,7.2673006058]},"runtime":{"0":30.0671434402},"vars":{"0":[-2.9087257385,3.8733694553]}}