{"J":{"0":2.9999995232,"1":4.9999995232,"2":5.0,"3":5.0,"4":5.0,"5":5.0,"6":5.0,"7":5.0,"8":5.0,"9":5.0,"10":5.0,"11":5.0,"12":5.0,"13":5.0,"14":5.0,"15":5.0,"16":5.0,"17":5.0},"f":{"0":[1.9999995232,-2.0000004768],"1":[3.9999995232,-0.0000004768],"2":[4.0,0.0],"3":[4.0,0.0],"4":[4.0,0.0],"5":[4.0,0.0],"6":[4.0,0.0],"7":[4.0,0.0],"8":[4.0,0.0],"9":[4.0,0.0],"10":[4.0,0.0],"11":[4.0,0.0],"12":[4.0,0.0],"13":[4.0,0.0],"14":[4.0,0.0],"15":[4.0,0.0],"16":[4.0,0.0],"17":[4.0,0.0]},"runtime":{"0":28.9189090729,"1":57.2595615387,"2":82.738065958,"3":108.762717247,"4":135.2020187378,"5":167.2584855556,"6":197.8400034904,"7":228.9789893627,"8":259.4658412933,"9":288.3092970848,"10":313.5977406502,"11":339.4120607376,"12":365.9109430313,"13":391.4090569019,"14":422.7974562645,"15":451.9740185738,"16":483.1870508194,"17":512.2970483303},"vars":{"0":[2.9999995232,0.0],"1":[4.9999995232,0.0],"2":[5.0,0.0],"3":[5.0,0.0],"4":[5.0,0.0],"5":[5.0,0.0],"6":[5.0,0.0],"7":[5.0,0.0],"8":[5.0,0.0],"9":[5.0,0.0],"10":[5.0,0.0],"11":[5.0,0.0],"12":[5.0,0.0],"13":[5.0,0.0],"14":[5.0,0.0],"15":[5.0,0.0],"16":[5.0,0.0],"17":[5.0,0.0]}}