{"J":{"0":4.3333330154,"1":5.0,"2":5.0,"3":5.0,"4":5.0,"5":5.0,"6":5.0,"7":5.0,"8":5.0,"9":5.0,"10":5.0,"11":5.0,"12":5.0,"13":5.0,"14":5.0,"15":5.0,"16":5.0,"17":5.0},"f":{"0":[3.3333330154,-0.6666669846],"1":[4.0,0.0],"2":[4.0,0.0],"3":[4.0,0.0],"4":[4.0,0.0],"5":[4.0,0.0],"6":[4.0,0.0],"7":[4.0,0.0],"8":[4.0,0.0],"9":[4.0,0.0],"10":[4.0,0.0],"11":[4.0,0.0],"12":[4.0,0.0],"13":[4.0,0.0],"14":[4.0,0.0],"15":[4.0,0.0],"16":[4.0,0.0],"17":[4.0,0.0]},"runtime":{"0":26.0180225372,"1":52.9487514496,"2":78.3087141514,"3":107.2188909054,"4":137.2599723339,"5":166.9837520123,"6":196.2715880871,"7":223.2640531063,"8":250.0299682617,"9":275.6390576363,"10":303.0690524578,"11":332.903277874,"12":364.185292244,"13":393.9670128822,"14":422.2353787422,"15":450.6759271622,"16":476.2205753326,"17":501.7103021145},"vars":{"0":[4.3333330154,0.0],"1":[5.0,0.0],"2":[5.0,0.0],"3":[5.0,0.0],"4":[5.0,0.0],"5":[5.0,0.0],"6":[5.0,0.0],"7":[5.0,0.0],"8":[5.0,0.0],"9":[5.0,0.0],"10":[5.0,0.0],"11":[5.0,0.0],"12":[5.0,0.0],"13":[5.0,0.0],"14":[5.0,0.0],"15":[5.0,0.0],"16":[5.0,0.0],"17":[5.0,0.0]}}