{"J":{"0":4.5,"1":5.0,"2":5.0,"3":5.0,"4":5.0,"5":5.0,"6":5.0,"7":5.0,"8":5.0,"9":5.0,"10":5.0,"11":5.0,"12":5.0,"13":5.0,"14":5.0,"15":5.0,"16":5.0,"17":5.0},"f":{"0":[3.5,-0.5],"1":[4.0,0.0],"2":[4.0,0.0],"3":[4.0,0.0],"4":[4.0,0.0],"5":[4.0,0.0],"6":[4.0,0.0],"7":[4.0,0.0],"8":[4.0,0.0],"9":[4.0,0.0],"10":[4.0,0.0],"11":[4.0,0.0],"12":[4.0,0.0],"13":[4.0,0.0],"14":[4.0,0.0],"15":[4.0,0.0],"16":[4.0,0.0],"17":[4.0,0.0]},"runtime":{"0":30.6822748184,"1":61.04732728,"2":91.4196362495,"3":118.8563103676,"4":144.2592329979,"5":170.6847381592,"6":197.4026970863,"7":226.2075257301,"8":263.1292128563,"9":293.5222654343,"10":324.2714776993,"11":350.5899224281,"12":377.1545407772,"13":406.0506978035,"14":433.6646926403,"15":464.5106694698,"16":496.4869399071,"17":526.0517249107},"vars":{"0":[4.5,0.0],"1":[5.0,0.0],"2":[5.0,0.0],"3":[5.0,0.0],"4":[5.0,0.0],"5":[5.0,0.0],"6":[5.0,0.0],"7":[5.0,0.0],"8":[5.0,0.0],"9":[5.0,0.0],"10":[5.0,0.0],"11":[5.0,0.0],"12":[5.0,0.0],"13":[5.0,0.0],"14":[5.0,0.0],"15":[5.0,0.0],"16":[5.0,0.0],"17":[5.0,0.0]}}