{"J":{"0":3.9999997616,"1":4.9999995232,"2":5.0,"3":5.0,"4":5.0,"5":5.0,"6":5.0,"7":5.0,"8":5.0,"9":5.0,"10":5.0,"11":5.0,"12":5.0,"13":5.0,"14":5.0,"15":5.0,"16":5.0,"17":5.0},"f":{"0":[2.9999997616,-1.0000002384],"1":[3.9999995232,-0.0000004768],"2":[4.0,0.0],"3":[4.0,0.0],"4":[4.0,0.0],"5":[4.0,0.0],"6":[4.0,0.0],"7":[4.0,0.0],"8":[4.0,0.0],"9":[4.0,0.0],"10":[4.0,0.0],"11":[4.0,0.0],"12":[4.0,0.0],"13":[4.0,0.0],"14":[4.0,0.0],"15":[4.0,0.0],"16":[4.0,0.0],"17":[4.0,0.0]},"runtime":{"0":29.9191963673,"1":60.1996114254,"2":90.2726724148,"3":120.1475958824,"4":145.5022296906,"5":171.6885969639,"6":197.7643129826,"7":224.749140501,"8":254.7562360764,"9":284.231903553,"10":315.7280783653,"11":346.0538535118,"12":373.1490147114,"13":399.2217390537,"14":425.4147102833,"15":451.2781107426,"16":483.1370918751,"17":516.7580718994},"vars":{"0":[3.9999997616,0.0],"1":[4.9999995232,0.0],"2":[5.0,0.0],"3":[5.0,0.0],"4":[5.0,0.0],"5":[5.0,0.0],"6":[5.0,0.0],"7":[5.0,0.0],"8":[5.0,0.0],"9":[5.0,0.0],"10":[5.0,0.0],"11":[5.0,0.0],"12":[5.0,0.0],"13":[5.0,0.0],"14":[5.0,0.0],"15":[5.0,0.0],"16":[5.0,0.0],"17":[5.0,0.0]}}