{"J":{"0":4.9500002861},"f":{"0":[3.9500002861,-0.0499997139]},"runtime":{"0":22.50826478},"vars":{"0":[4.9500002861,0.0]}}