{"J":{"0":3.9999997616},"f":{"0":[2.9999997616,-1.0000002384]},"runtime":{"0":30.6371634007},"vars":{"0":[3.9999997616,0.0]}}