{"J":{"0":6.6931695938,"1":7.6534147263,"2":15.7034034729,"3":19.163772583,"4":20.363571167,"5":20.8478374481,"6":20.9607887268},"f":{"0":[1.1033859253,-1.9786572456],"1":[1.4483070374,-1.5106713772],"2":[0.5747606754,-0.5995106697],"3":[0.1992586851,-0.2078385353],"4":[0.0519117117,-0.0857563019],"5":[0.0215228796,-0.0132141113],"6":[0.0061639547,-0.0029110909]},"runtime":{"0":18.3968560696,"1":35.1113758087,"2":50.0131173134,"3":64.2144687176,"4":77.910337925,"5":92.0607495308,"6":105.7233464718},"vars":{"0":[2.1033859253,0.4589783847],"1":[2.4483070374,0.5205107927],"2":[1.5747606754,1.4128643274],"3":[1.1992586851,1.7964513302],"4":[1.0519117117,1.9311659336],"5":[1.0215228796,1.9826315641],"6":[1.0061639547,1.9954624176]}}