{"J":{"0":-99.9826202393,"1":-75.0166320801,"2":-75.0034332275,"3":-75.0010528564,"4":-75.0003890991,"5":-75.0001602173,"6":-75.0000762939},"f":{"0":[24.0,-4.9965248108],"1":[24.0,-0.003326416],"2":[24.0,-0.0006866455],"3":[24.0,-0.0002098083],"4":[24.0,-0.0000782013],"5":[24.0,-0.0000324249],"6":[24.0,-0.0000152588]},"runtime":{"0":16.756401062,"1":32.1488435268,"2":47.0988950729,"3":60.8090775013,"4":74.5770280361,"5":88.3101565838,"6":101.5979444981},"vars":{"0":[25.0,-12.4982624054],"1":[25.0,-10.001663208],"2":[25.0,-10.0003433228],"3":[25.0,-10.0001049042],"4":[25.0,-10.0000391006],"5":[25.0,-10.0000162125],"6":[25.0,-10.0000076294]}}