{"J":{"0":-99.9826202393},"f":{"0":[24.0,-4.9965248108]},"runtime":{"0":22.6058261395},"vars":{"0":[25.0,-12.4982624054]}}