{"J":{"0":-75.125},"f":{"0":[24.0,-0.0249996185]},"runtime":{"0":18.2654969692},"vars":{"0":[25.0,-10.0124998093]}}