{"J":{"0":2.75,"1":9.625,"2":16.4858283997,"3":19.4349937439,"4":20.5079784393,"5":20.8555736542,"6":20.9602737427,"7":20.9871997833,"8":20.9977664948},"f":{"0":[1.75,-2.25],"1":[1.125,-1.375],"2":[0.4464565516,-0.5456690788],"3":[0.1547751427,-0.1891813278],"4":[0.0488350391,-0.0593366623],"5":[0.0142284632,-0.0175023079],"6":[0.0039166212,-0.0048117638],"7":[0.0008038282,-0.0019168854],"8":[0.0002886057,-0.0002155304]},"runtime":{"0":60.9711740017,"1":121.2517893314,"2":181.1878533363,"3":242.2424423695,"4":302.8257036209,"5":361.9636917114,"6":424.9569761753,"7":482.7412283421,"8":541.2470383644},"vars":{"0":[2.75,0.0],"1":[2.125,0.75],"2":[1.4464565516,1.5039371252],"3":[1.1547751427,1.8280217648],"4":[1.0488350391,1.9459142685],"5":[1.0142284632,1.9841345549],"6":[1.0039166212,1.9956357479],"7":[1.0008038282,1.9986395836],"8":[1.0002886057,1.9997478724]}}