{"J":{"0":0.5000002384,"1":4.4999995232,"2":4.8968501091,"3":4.9683699608,"4":4.988296032,"5":4.9951405525,"6":4.9978146553,"7":4.9989571571,"8":4.999478817},"f":{"0":[-0.4999997616,-4.5],"1":[3.4999995232,-0.5000004768],"2":[3.8968501091,-0.1031498909],"3":[3.9683699608,-0.0316300392],"4":[3.988296032,-0.011703968],"5":[3.9951405525,-0.0048594475],"6":[3.9978146553,-0.0021853447],"7":[3.9989571571,-0.0010428429],"8":[3.999478817,-0.000521183]},"runtime":{"0":55.0142149925,"1":117.4020338058,"2":178.5733630657,"3":231.1222033501,"4":290.8068828583,"5":350.3399598598,"6":407.4834246635,"7":470.373916626,"8":529.8035128117},"vars":{"0":[0.5000002384,0.0],"1":[4.4999995232,0.0],"2":[4.8968501091,0.0],"3":[4.9683699608,0.0],"4":[4.988296032,0.0],"5":[4.9951405525,0.0],"6":[4.9978146553,0.0],"7":[4.9989571571,0.0],"8":[4.999478817,0.0]}}