{"J":{"0":0.5000002384},"f":{"0":[-0.4999997616,-4.5]},"runtime":{"0":27.3506360054},"vars":{"0":[0.5000002384,0.0]}}