{"J":{"0":4.9995002747},"f":{"0":[3.9995002747,-0.0004997253]},"runtime":{"0":42.7708742619},"vars":{"0":[4.9995002747,0.0]}}