{"J":{"0":7.7536616325},"f":{"0":[3.3092226982,-0.0018897057]},"runtime":{"0":59.8769450188},"vars":{"0":[4.3092226982,0.3444438875]}}