{"J":{"0":-6.4740695953,"1":-6.4157772064,"2":-6.4157772064,"3":-6.4157772064,"4":-6.4157772064,"5":-6.4157772064,"6":-6.4157772064,"7":-6.4157772064,"8":-6.4157772064,"9":-6.4157772064,"10":-6.4157772064,"11":-6.4157772064,"12":-6.4157772064,"13":-6.4157772064,"14":-6.4157772064,"15":-6.4157772064,"16":-6.4157772064},"f":{"0":[-0.1722106934,-0.0919144154],"1":[0.0026702881,0.0152470469],"2":[0.0026702881,0.0152470469],"3":[0.0026702881,0.0152470469],"4":[0.0026702881,0.0152470469],"5":[0.0026702881,0.0152470469],"6":[0.0026702881,0.0152470469],"7":[0.0026702881,0.0152470469],"8":[0.0026702881,0.0152470469],"9":[0.0026702881,0.0152470469],"10":[0.0026702881,0.0152470469],"11":[0.0026702881,0.0152470469],"12":[0.0026702881,0.0152470469],"13":[0.0026702881,0.0152470469],"14":[0.0026702881,0.0152470469],"15":[0.0026702881,0.0152470469],"16":[0.0026702881,0.0152470469]},"runtime":{"0":30.4764528275,"1":60.3882963657,"2":90.5023703575,"3":121.0536878109,"4":151.3786051273,"5":182.6378929615,"6":216.1712267399,"7":246.8031713963,"8":276.3489019871,"9":306.6223185062,"10":337.063616991,"11":367.2509098053,"12":397.2245724201,"13":427.6715507507,"14":458.1595973969,"15":489.2118432522,"16":521.248855114},"vars":{"0":[-25.0,18.5259304047],"1":[-25.0,18.5842227936],"2":[-25.0,18.5842227936],"3":[-25.0,18.5842227936],"4":[-25.0,18.5842227936],"5":[-25.0,18.5842227936],"6":[-25.0,18.5842227936],"7":[-25.0,18.5842227936],"8":[-25.0,18.5842227936],"9":[-25.0,18.5842227936],"10":[-25.0,18.5842227936],"11":[-25.0,18.5842227936],"12":[-25.0,18.5842227936],"13":[-25.0,18.5842227936],"14":[-25.0,18.5842227936],"15":[-25.0,18.5842227936],"16":[-25.0,18.5842227936]}}