{"J":{"0":-1.5187511444,"1":-1.5068807602,"2":-1.5068807602,"3":-1.5068807602,"4":-1.5068807602,"5":-1.5068807602,"6":-1.5068807602},"f":{"0":[-0.0380001068,4.6932487488],"1":[0.0000038147,4.7431240082],"2":[0.0000038147,4.7431240082],"3":[0.0000038147,4.7431240082],"4":[0.0000038147,4.7431240082],"5":[0.0000038147,4.7431240082],"6":[0.0000038147,4.7431240082]},"runtime":{"0":15.4574487209,"1":29.5657994747,"2":46.0956852436,"3":60.4080622196,"4":75.172544241,"5":89.5230536461,"6":104.5925474167},"vars":{"0":[-10.2682523727,8.7495012283],"1":[-10.270647049,8.7637662888],"2":[-10.270647049,8.7637662888],"3":[-10.270647049,8.7637662888],"4":[-10.270647049,8.7637662888],"5":[-10.270647049,8.7637662888],"6":[-10.270647049,8.7637662888]}}