{"J":{"0":-6.459312439,"1":-6.417131424,"2":-6.4168720245,"3":-6.4167728424,"4":-6.4167232513,"5":-6.4167003632,"6":-6.4166870117,"7":-6.4166793823,"8":-6.4166755676,"9":-6.4166717529,"10":-6.4166698456,"11":-6.4166698456,"12":-6.4166698456,"13":-6.4166698456,"14":-6.4166698456,"15":-6.4166660309,"16":-6.4166660309},"f":{"0":[-0.1279373169,-0.0671005249],"1":[-0.0013961792,0.0124635696],"2":[-0.000617981,0.0129955411],"3":[-0.0003204346,0.013199091],"4":[-0.0001678467,0.0133009553],"5":[-0.0000991821,0.0133479238],"6":[-0.0000610352,0.0133753419],"7":[-0.000038147,0.0133910179],"8":[-0.0000267029,0.0133988261],"9":[-0.0000152588,0.0134066939],"10":[-0.0000076294,0.0134105682],"11":[-0.0000076294,0.0134105682],"12":[-0.0000076294,0.0134105682],"13":[-0.0000076294,0.0134105682],"14":[-0.0000076294,0.0134105682],"15":[0.0,0.0134184361],"16":[0.0,0.0134184361]},"runtime":{"0":29.8901417255,"1":59.7584199905,"2":89.404602766,"3":119.2961046696,"4":152.8472297192,"5":182.2910344601,"6":213.634447813,"7":243.7625784874,"8":278.4836452007,"9":308.1936717033,"10":339.7584633827,"11":370.511323452,"12":400.528878212,"13":431.5780408382,"14":462.2266824245,"15":491.6317484379,"16":522.7050106525},"vars":{"0":[-25.0,18.540687561],"1":[-25.0,18.582868576],"2":[-25.0,18.5831279755],"3":[-25.0,18.5832271576],"4":[-25.0,18.5832767487],"5":[-25.0,18.5832996368],"6":[-25.0,18.5833129883],"7":[-25.0,18.5833206177],"8":[-25.0,18.5833244324],"9":[-25.0,18.5833282471],"10":[-25.0,18.5833301544],"11":[-25.0,18.5833301544],"12":[-25.0,18.5833301544],"13":[-25.0,18.5833301544],"14":[-25.0,18.5833301544],"15":[-25.0,18.5833339691],"16":[-25.0,18.5833339691]}}