{"J":{"0":-6.9607868195,"1":-6.3481349945,"2":-6.3481349945,"3":-6.3481349945,"4":-6.3481349945,"5":-6.3481349945,"6":-6.3481349945,"7":-6.3481349945,"8":-6.3481349945,"9":-6.3481349945,"10":-6.3481349945,"11":-6.3481349945,"12":-6.3481349945,"13":-6.3481349945,"14":-6.3481349945,"15":-6.3481349945},"f":{"0":[-1.6323623657,-0.4417579174],"1":[0.2055969238,0.1753393412],"2":[0.2055969238,0.1753393412],"3":[0.2055969238,0.1753393412],"4":[0.2055969238,0.1753393412],"5":[0.2055969238,0.1753393412],"6":[0.2055969238,0.1753393412],"7":[0.2055969238,0.1753393412],"8":[0.2055969238,0.1753393412],"9":[0.2055969238,0.1753393412],"10":[0.2055969238,0.1753393412],"11":[0.2055969238,0.1753393412],"12":[0.2055969238,0.1753393412],"13":[0.2055969238,0.1753393412],"14":[0.2055969238,0.1753393412],"15":[0.2055969238,0.1753393412]},"runtime":{"0":30.6491618156,"1":61.9339931011,"2":92.3794128895,"3":123.287689209,"4":152.6714992523,"5":181.2058563232,"6":210.3444612026,"7":241.6988785267,"8":274.0621685982,"9":304.9729454517,"10":339.4848296642,"11":379.5162594318,"12":411.6886763573,"13":443.3498520851,"14":473.7217063904,"15":504.5404446125},"vars":{"0":[-25.0,18.0392131805],"1":[-25.0,18.6518650055],"2":[-25.0,18.6518650055],"3":[-25.0,18.6518650055],"4":[-25.0,18.6518650055],"5":[-25.0,18.6518650055],"6":[-25.0,18.6518650055],"7":[-25.0,18.6518650055],"8":[-25.0,18.6518650055],"9":[-25.0,18.6518650055],"10":[-25.0,18.6518650055],"11":[-25.0,18.6518650055],"12":[-25.0,18.6518650055],"13":[-25.0,18.6518650055],"14":[-25.0,18.6518650055],"15":[-25.0,18.6518650055]}}