{"J":{"0":-49.9473114014,"1":-49.48878479,"2":-47.7616882324,"3":-3.0774669647,"4":-2.5932331085,"5":-2.1445264816,"6":-1.9706668854},"f":{"0":[-5.75,-0.5],"1":[-5.75,-0.5],"2":[-5.75,-0.5],"3":[-3.7084026337,-0.1450823545],"4":[-2.1872310638,1.4695358276],"5":[-0.9014320374,3.2040405273],"6":[-0.4027271271,3.8766059875]},"runtime":{"0":15.5600206852,"1":31.9340918064,"2":46.7463736534,"3":63.3138000965,"4":79.1953151226,"5":95.2200064659,"6":110.9305493832},"vars":{"0":[-24.9826126099,-24.9646968842],"1":[-24.8388462067,-24.6499404907],"2":[-24.3209934235,-23.4406967163],"3":[-11.2739992142,8.1965322495],"4":[-11.3424692154,8.7492361069],"5":[-11.2821474075,9.1376209259],"6":[-11.2592735291,9.2886066437]}}