{"J":{"0":-6.5053825378,"1":-6.4119205475,"2":-6.4119205475,"3":-6.4119205475,"4":-6.4119205475,"5":-6.4119205475,"6":-6.4119205475,"7":-6.4119205475,"8":-6.4119205475,"9":-6.4119205475,"10":-6.4119205475,"11":-6.4119205475,"12":-6.4119205475,"13":-6.4119205475,"14":-6.4119205475,"15":-6.4119205475,"16":-6.4119205475},"f":{"0":[-0.2661476135,-0.1399564147],"1":[0.0142364502,0.0232571959],"2":[0.0142364502,0.0232571959],"3":[0.0142364502,0.0232571959],"4":[0.0142364502,0.0232571959],"5":[0.0142364502,0.0232571959],"6":[0.0142364502,0.0232571959],"7":[0.0142364502,0.0232571959],"8":[0.0142364502,0.0232571959],"9":[0.0142364502,0.0232571959],"10":[0.0142364502,0.0232571959],"11":[0.0142364502,0.0232571959],"12":[0.0142364502,0.0232571959],"13":[0.0142364502,0.0232571959],"14":[0.0142364502,0.0232571959],"15":[0.0142364502,0.0232571959],"16":[0.0142364502,0.0232571959]},"runtime":{"0":32.7895481586,"1":65.0900659561,"2":95.5753703117,"3":125.1155827045,"4":154.4428112507,"5":183.9169111252,"6":213.7873513699,"7":247.7406077385,"8":276.2715375423,"9":307.1679191589,"10":337.4187533855,"11":367.2086303234,"12":396.3245425224,"13":425.6595640182,"14":454.6563329697,"15":483.3844890594,"16":512.7220652103},"vars":{"0":[-25.0,18.4946174622],"1":[-25.0,18.5880794525],"2":[-25.0,18.5880794525],"3":[-25.0,18.5880794525],"4":[-25.0,18.5880794525],"5":[-25.0,18.5880794525],"6":[-25.0,18.5880794525],"7":[-25.0,18.5880794525],"8":[-25.0,18.5880794525],"9":[-25.0,18.5880794525],"10":[-25.0,18.5880794525],"11":[-25.0,18.5880794525],"12":[-25.0,18.5880794525],"13":[-25.0,18.5880794525],"14":[-25.0,18.5880794525],"15":[-25.0,18.5880794525],"16":[-25.0,18.5880794525]}}