{"J":{"0":-6.6112003326,"1":-6.3939037323,"2":-6.3939037323,"3":-6.3939037323,"4":-6.3939037323,"5":-6.3939037323,"6":-6.3939037323,"7":-6.3939037323,"8":-6.3939037323,"9":-6.3939037323,"10":-6.3939037323,"11":-6.3939037323,"12":-6.3939037323,"13":-6.3939037323,"14":-6.3939037323,"15":-6.3939037323},"f":{"0":[-0.5836029053,-0.2642070651],"1":[0.0682907104,0.0623589754],"2":[0.0682907104,0.0623589754],"3":[0.0682907104,0.0623589754],"4":[0.0682907104,0.0623589754],"5":[0.0682907104,0.0623589754],"6":[0.0682907104,0.0623589754],"7":[0.0682907104,0.0623589754],"8":[0.0682907104,0.0623589754],"9":[0.0682907104,0.0623589754],"10":[0.0682907104,0.0623589754],"11":[0.0682907104,0.0623589754],"12":[0.0682907104,0.0623589754],"13":[0.0682907104,0.0623589754],"14":[0.0682907104,0.0623589754],"15":[0.0682907104,0.0623589754]},"runtime":{"0":30.5002450943,"1":61.0479149818,"2":90.6639752388,"3":119.9191007614,"4":149.4321863651,"5":178.638487339,"6":208.4185392857,"7":237.8416423798,"8":267.1880922318,"9":300.5802340508,"10":329.2597458363,"11":360.1859116554,"12":394.1230072975,"13":423.7111530304,"14":471.139398098,"15":502.4765045643},"vars":{"0":[-25.0,18.3887996674],"1":[-25.0,18.6060962677],"2":[-25.0,18.6060962677],"3":[-25.0,18.6060962677],"4":[-25.0,18.6060962677],"5":[-25.0,18.6060962677],"6":[-25.0,18.6060962677],"7":[-25.0,18.6060962677],"8":[-25.0,18.6060962677],"9":[-25.0,18.6060962677],"10":[-25.0,18.6060962677],"11":[-25.0,18.6060962677],"12":[-25.0,18.6060962677],"13":[-25.0,18.6060962677],"14":[-25.0,18.6060962677],"15":[-25.0,18.6060962677]}}