{"J":{"0":-6.6112003326},"f":{"0":[-0.5836029053,-0.2642070651]},"runtime":{"0":30.944416523},"vars":{"0":[-25.0,18.3887996674]}}