{"J":{"0":-6.4740695953},"f":{"0":[-0.1722106934,-0.0919144154]},"runtime":{"0":30.7260594368},"vars":{"0":[-25.0,18.5259304047]}}