{"J":{"0":-49.9473114014},"f":{"0":[-5.75,-0.5]},"runtime":{"0":16.5549616814},"vars":{"0":[-24.9826126099,-24.9646968842]}}