{"J":{"0":-6.5053825378},"f":{"0":[-0.2661476135,-0.1399564147]},"runtime":{"0":31.8208658695},"vars":{"0":[-25.0,18.4946174622]}}