{"J":{"0":-6.459312439},"f":{"0":[-0.1279373169,-0.0671005249]},"runtime":{"0":31.3305413723},"vars":{"0":[-25.0,18.540687561]}}