{"J":{"0":-1.5187511444},"f":{"0":[-0.0380001068,4.6932487488]},"runtime":{"0":14.7942891121},"vars":{"0":[-10.2682523727,8.7495012283]}}