{"J":{"0":-86.9146347046,"1":-86.8756103516,"2":-86.8755950928,"3":-86.8755950928},"f":{"0":[151.2341461182,-0.0624713898],"1":[151.2497558594,-0.0000209808],"2":[151.2497558594,0.0000095367],"3":[151.2497558594,0.0000095367]},"runtime":{"0":26.9351906776,"1":55.4439973831,"2":79.3492319584,"3":105.4253926277},"vars":{"0":[25.0,-11.1914634705],"1":[25.0,-11.1875610352],"2":[25.0,-11.1875591278],"3":[25.0,-11.1875591278]}}