{"J":{"0":-87.135925293,"1":-86.8755950928,"2":-86.8755950928,"3":-86.8755950928,"4":-86.8755950928,"5":-86.8755950928,"6":-86.8755950928,"7":-86.8755950928,"8":-86.8755950928,"9":-86.8755950928,"10":-86.8755950928,"11":-86.8755950928,"12":-86.8755950928,"13":-86.8755950928,"14":-86.8755950928,"15":-86.8755950928},"f":{"0":[151.1456298828,-0.4165973663],"1":[151.2497558594,0.0000095367],"2":[151.2497558594,0.0000095367],"3":[151.2497558594,0.0000095367],"4":[151.2497558594,0.0000095367],"5":[151.2497558594,0.0000095367],"6":[151.2497558594,0.0000095367],"7":[151.2497558594,0.0000095367],"8":[151.2497558594,0.0000095367],"9":[151.2497558594,0.0000095367],"10":[151.2497558594,0.0000095367],"11":[151.2497558594,0.0000095367],"12":[151.2497558594,0.0000095367],"13":[151.2497558594,0.0000095367],"14":[151.2497558594,0.0000095367],"15":[151.2497558594,0.0000095367]},"runtime":{"0":34.3433878422,"1":82.6473116875,"2":119.9572005272,"3":158.0465683937,"4":192.458480835,"5":222.4210493565,"6":251.7399606705,"7":279.9152696133,"8":310.7529983521,"9":344.4352200031,"10":377.273622036,"11":409.0323491096,"12":438.7346189022,"13":467.4508509636,"14":496.5004668236,"15":530.4713668823},"vars":{"0":[25.0,-11.2135925293],"1":[25.0,-11.1875591278],"2":[25.0,-11.1875591278],"3":[25.0,-11.1875591278],"4":[25.0,-11.1875591278],"5":[25.0,-11.1875591278],"6":[25.0,-11.1875591278],"7":[25.0,-11.1875591278],"8":[25.0,-11.1875591278],"9":[25.0,-11.1875591278],"10":[25.0,-11.1875591278],"11":[25.0,-11.1875591278],"12":[25.0,-11.1875591278],"13":[25.0,-11.1875591278],"14":[25.0,-11.1875591278],"15":[25.0,-11.1875591278]}}