{"J":{"0":-87.2660903931,"1":-86.8755950928,"2":-86.8755950928,"3":-86.8755950928,"4":-86.8755950928,"5":-86.8755950928,"6":-86.8755950928,"7":-86.8755950928,"8":-86.8755950928,"9":-86.8755950928,"10":-86.8755950928,"11":-86.8755950928,"12":-86.8755950928,"13":-86.8755950928,"14":-86.8755950928,"15":-86.8755950928},"f":{"0":[151.0935668945,-0.6248979568],"1":[151.2497558594,0.0000095367],"2":[151.2497558594,0.0000095367],"3":[151.2497558594,0.0000095367],"4":[151.2497558594,0.0000095367],"5":[151.2497558594,0.0000095367],"6":[151.2497558594,0.0000095367],"7":[151.2497558594,0.0000095367],"8":[151.2497558594,0.0000095367],"9":[151.2497558594,0.0000095367],"10":[151.2497558594,0.0000095367],"11":[151.2497558594,0.0000095367],"12":[151.2497558594,0.0000095367],"13":[151.2497558594,0.0000095367],"14":[151.2497558594,0.0000095367],"15":[151.2497558594,0.0000095367]},"runtime":{"0":33.259054184,"1":66.8627097607,"2":97.9415256977,"3":126.371076107,"4":154.4876198769,"5":186.2613487244,"6":219.8353631496,"7":253.7709269524,"8":288.2965989113,"9":320.1446182728,"10":349.118237257,"11":379.6804485321,"12":425.6848227978,"13":458.7156541348,"14":493.4368569851,"15":528.4940774441},"vars":{"0":[25.0,-11.22660923],"1":[25.0,-11.1875591278],"2":[25.0,-11.1875591278],"3":[25.0,-11.1875591278],"4":[25.0,-11.1875591278],"5":[25.0,-11.1875591278],"6":[25.0,-11.1875591278],"7":[25.0,-11.1875591278],"8":[25.0,-11.1875591278],"9":[25.0,-11.1875591278],"10":[25.0,-11.1875591278],"11":[25.0,-11.1875591278],"12":[25.0,-11.1875591278],"13":[25.0,-11.1875591278],"14":[25.0,-11.1875591278],"15":[25.0,-11.1875591278]}}