{"J":{"0":-238.96534729,"1":-96.4025268555,"2":-88.8412399292,"3":-87.4775390625,"4":-87.0980377197,"5":-86.9678344727},"f":{"0":[-4.0,-16.0],"1":[147.4389953613,-15.2439937592],"2":[150.4635009766,-3.145450592],"3":[151.0089874268,-0.96326828],"4":[151.1607818604,-0.355963707],"5":[151.2128601074,-0.147600174]},"runtime":{"0":22.02815485,"1":40.8784739971,"2":58.5108795166,"3":78.3377285004,"4":96.3363244534,"5":113.7088541985},"vars":{"0":[-2.971704483,-23.599363327],"1":[25.0,-12.140253067],"2":[25.0,-11.3841238022],"3":[25.0,-11.247754097],"4":[25.0,-11.2098035812],"5":[25.0,-11.1967830658]}}