{"J":{"0":-87.6566162109,"1":-86.8755722046,"2":-86.8755722046,"3":-86.8755722046,"4":-86.8755722046,"5":-86.8755722046,"6":-86.8755722046,"7":-86.8755722046,"8":-86.8755722046,"9":-86.8755722046,"10":-86.8755722046,"11":-86.8755722046,"12":-86.8755722046,"13":-86.8755722046,"14":-86.8755722046,"15":-86.8755722046},"f":{"0":[150.9373474121,-1.2498235703],"1":[151.2497711182,0.0000400543],"2":[151.2497711182,0.0000400543],"3":[151.2497711182,0.0000400543],"4":[151.2497711182,0.0000400543],"5":[151.2497711182,0.0000400543],"6":[151.2497711182,0.0000400543],"7":[151.2497711182,0.0000400543],"8":[151.2497711182,0.0000400543],"9":[151.2497711182,0.0000400543],"10":[151.2497711182,0.0000400543],"11":[151.2497711182,0.0000400543],"12":[151.2497711182,0.0000400543],"13":[151.2497711182,0.0000400543],"14":[151.2497711182,0.0000400543],"15":[151.2497711182,0.0000400543]},"runtime":{"0":29.1345939636,"1":57.4060442448,"2":87.1121456623,"3":123.8062503338,"4":156.1255011559,"5":188.7755894661,"6":222.8640570641,"7":252.0199286938,"8":280.668718338,"9":309.5837044716,"10":342.1301395893,"11":374.8127682209,"12":409.1675758362,"13":445.9853415489,"14":491.9185798168,"15":527.7011368275},"vars":{"0":[25.0,-11.2656612396],"1":[25.0,-11.1875572205],"2":[25.0,-11.1875572205],"3":[25.0,-11.1875572205],"4":[25.0,-11.1875572205],"5":[25.0,-11.1875572205],"6":[25.0,-11.1875572205],"7":[25.0,-11.1875572205],"8":[25.0,-11.1875572205],"9":[25.0,-11.1875572205],"10":[25.0,-11.1875572205],"11":[25.0,-11.1875572205],"12":[25.0,-11.1875572205],"13":[25.0,-11.1875572205],"14":[25.0,-11.1875572205],"15":[25.0,-11.1875572205]}}