{"J":{"0":-90.7812194824,"1":-86.8751144409,"2":-86.8751144409,"3":-86.8751144409,"4":-86.8751144409,"5":-86.8751144409,"6":-86.8751144409,"7":-86.8751144409,"8":-86.8751144409,"9":-86.8751144409,"10":-86.8751144409,"11":-86.8751144409},"f":{"0":[149.6875152588,-6.2496585846],"1":[151.2499542236,0.0007724762],"2":[151.2499542236,0.0007724762],"3":[151.2499542236,0.0007724762],"4":[151.2499542236,0.0007724762],"5":[151.2499542236,0.0007724762],"6":[151.2499542236,0.0007724762],"7":[151.2499542236,0.0007724762],"8":[151.2499542236,0.0007724762],"9":[151.2499542236,0.0007724762],"10":[151.2499542236,0.0007724762],"11":[151.2499542236,0.0007724762]},"runtime":{"0":51.4592325687,"1":96.4081299305,"2":138.7996957302,"3":180.030081749,"4":222.405020237,"5":264.6364607811,"6":309.4956028461,"7":355.1297123432,"8":395.8164250851,"9":437.7644705772,"10":481.1491887569,"11":524.6186029911},"vars":{"0":[25.0,-11.578122139],"1":[25.0,-11.1875114441],"2":[25.0,-11.1875114441],"3":[25.0,-11.1875114441],"4":[25.0,-11.1875114441],"5":[25.0,-11.1875114441],"6":[25.0,-11.1875114441],"7":[25.0,-11.1875114441],"8":[25.0,-11.1875114441],"9":[25.0,-11.1875114441],"10":[25.0,-11.1875114441],"11":[25.0,-11.1875114441]}}