{"J":{"0":-87.0708465576,"1":-86.8755950928,"2":-86.8755950928,"3":-86.8755950928,"4":-86.8755950928,"5":-86.8755950928,"6":-86.8755950928,"7":-86.8755950928,"8":-86.8755950928,"9":-86.8755950928,"10":-86.8755950928,"11":-86.8755950928,"12":-86.8755950928,"13":-86.8755950928,"14":-86.8755950928,"15":-86.8755950928},"f":{"0":[151.171661377,-0.31245327],"1":[151.2497558594,0.0000095367],"2":[151.2497558594,0.0000095367],"3":[151.2497558594,0.0000095367],"4":[151.2497558594,0.0000095367],"5":[151.2497558594,0.0000095367],"6":[151.2497558594,0.0000095367],"7":[151.2497558594,0.0000095367],"8":[151.2497558594,0.0000095367],"9":[151.2497558594,0.0000095367],"10":[151.2497558594,0.0000095367],"11":[151.2497558594,0.0000095367],"12":[151.2497558594,0.0000095367],"13":[151.2497558594,0.0000095367],"14":[151.2497558594,0.0000095367],"15":[151.2497558594,0.0000095367]},"runtime":{"0":32.7217524052,"1":65.7093639374,"2":93.7701261044,"3":122.2500500679,"4":151.4187197685,"5":185.855202198,"6":219.1184117794,"7":253.1424162388,"8":283.0263090134,"9":311.5544404984,"10":339.5037288666,"11":369.681116581,"12":403.922498703,"13":437.7986345291,"14":472.1171655655,"15":504.4008731842},"vars":{"0":[25.0,-11.2070846558],"1":[25.0,-11.1875591278],"2":[25.0,-11.1875591278],"3":[25.0,-11.1875591278],"4":[25.0,-11.1875591278],"5":[25.0,-11.1875591278],"6":[25.0,-11.1875591278],"7":[25.0,-11.1875591278],"8":[25.0,-11.1875591278],"9":[25.0,-11.1875591278],"10":[25.0,-11.1875591278],"11":[25.0,-11.1875591278],"12":[25.0,-11.1875591278],"13":[25.0,-11.1875591278],"14":[25.0,-11.1875591278],"15":[25.0,-11.1875591278]}}