{"J":{"0":-87.135925293},"f":{"0":[151.1456298828,-0.4165973663]},"runtime":{"0":29.4418609142},"vars":{"0":[25.0,-11.2135925293]}}