{"J":{"0":-238.96534729},"f":{"0":[-4.0,-16.0]},"runtime":{"0":19.4857563972},"vars":{"0":[-2.971704483,-23.599363327]}}