{"J":{"0":-87.6566162109},"f":{"0":[150.9373474121,-1.2498235703]},"runtime":{"0":31.7845520973},"vars":{"0":[25.0,-11.2656612396]}}