{"J":{"0":-87.2660903931},"f":{"0":[151.0935668945,-0.6248979568]},"runtime":{"0":34.3027517796},"vars":{"0":[25.0,-11.22660923]}}