{"J":{"0":-90.7812194824},"f":{"0":[149.6875152588,-6.2496585846]},"runtime":{"0":49.5208704472},"vars":{"0":[25.0,-11.578122139]}}