{"J":{"0":-87.0708465576},"f":{"0":[151.171661377,-0.31245327]},"runtime":{"0":33.5942530632},"vars":{"0":[25.0,-11.2070846558]}}