{"J":{"0":-86.9146347046},"f":{"0":[151.2341461182,-0.0624713898]},"runtime":{"0":19.5432536602},"vars":{"0":[25.0,-11.1914634705]}}