{"J":{"0":0.3996213675,"1":0.4524712265,"2":0.4849061072,"3":0.4991875589,"4":0.5039561987,"5":0.5064682364,"6":0.5068832636,"7":0.5075976849,"8":0.50858289,"9":0.5065975785,"10":0.5070174932,"11":0.5069258809,"12":0.5074578524,"13":0.5069590807,"14":0.5072222352,"15":0.5069952607,"16":0.5070360899,"17":0.5070214868},"f":{"0":[-0.2142843008,-0.0861878097],"1":[-0.10714221,-0.0467959642],"2":[-0.0425248146,-0.0208215117],"3":[-0.0147608519,-0.0080760717],"4":[-0.0055019855,-0.0038399398],"5":[-0.0011014938,-0.0005432069],"6":[-0.0003046989,-0.0001569986],"7":[0.0008015633,0.0011039972],"8":[0.0022844076,0.0029350519],"9":[-0.0006648302,-0.0008471012],"10":[-0.0000280142,-0.0000748336],"11":[-0.0001795888,-0.0002146661],"12":[0.0006144047,0.0007913709],"13":[-0.0001257062,-0.000161618],"14":[0.0002681017,0.0003338456],"15":[-0.0000727177,-0.0000908375],"16":[-0.0000114441,-0.0000144839],"17":[-0.0000337362,-0.0000408292]},"runtime":{"0":29.808899641,"1":57.7747499943,"2":86.4040875435,"3":114.6838371754,"4":142.7872414589,"5":170.8137001991,"6":199.1315917969,"7":226.7720472813,"8":255.409914732,"9":283.9073476791,"10":311.8241930008,"11":340.0664458275,"12":368.1820392609,"13":402.2506377697,"14":430.2019925117,"15":458.4033901691,"16":486.1273431778,"17":522.598082304},"vars":{"0":[0.3860943317,0.0135270236],"1":[0.4403865635,0.0120846638],"2":[0.4725690484,0.0123370681],"3":[0.4860516191,0.0131359259],"4":[0.4905418456,0.0134143513],"5":[0.4924302697,0.0140379481],"6":[0.4928120375,0.0140712159],"7":[0.4932038486,0.0143938363],"8":[0.493701458,0.014881447],"9":[0.4927376211,0.0138599314],"10":[0.4929545224,0.0140629634],"11":[0.4928945303,0.0140313655],"12":[0.4931565225,0.014301341],"13":[0.4929152131,0.0140438536],"14":[0.4930458367,0.014176378],"15":[0.4929320216,0.0140632326],"16":[0.492952466,0.0140835987],"17":[0.4929447472,0.0140767526]}}