{"J":{"0":0.4455397129,"1":0.4293338358,"2":0.4759136438,"3":0.4960100651,"4":0.5035123825,"5":0.5060077906,"6":0.5067517161},"f":{"0":[-0.1237601042,-0.0457372069],"1":[-0.1531145573,-0.0661088526],"2":[-0.060197413,-0.0285075605],"3":[-0.0208835006,-0.0110185444],"4":[-0.0065695643,-0.0037676394],"5":[-0.0019064546,-0.0011502206],"6":[-0.0005316734,-0.0003368556]},"runtime":{"0":14.6919512749,"1":32.0510370731,"2":50.4247853756,"3":66.1869032383,"4":80.6907083988,"5":98.5799422264,"6":113.0977702141},"vars":{"0":[0.4307001531,0.014839571],"1":[0.4175516367,0.0117821908],"2":[0.463888973,0.0120246615],"3":[0.4831064641,0.0129035935],"4":[0.489918083,0.0135942753],"5":[0.4920857847,0.0139219826],"6":[0.4927166104,0.0140351281]}}