{"J":{"0":0.5070435817},"f":{"0":[0.0,0.0]},"runtime":{"0":0.2386238575},"vars":{"0":[0.4929564183,0.0140871634]}}