{"J":{"0":0.0,"1":0.0517145209,"2":0.3204123974,"3":0.4433490932,"4":0.4794971049,"5":0.4929797351,"6":0.4989024997,"7":0.5018596053,"8":0.5035000443,"9":0.5044925809,"10":0.5051369667,"11":0.505579114,"12":0.5058959126,"13":0.5061303377,"14":0.5063083768,"15":0.5064462423,"16":0.506554544,"17":0.5066406131},"f":{"0":[-1.0,-0.5],"1":[-0.9482854605,-0.2960427999],"2":[-0.3902026415,-0.108564198],"3":[-0.1196511984,-0.0679640174],"4":[-0.0442756414,-0.0463339686],"5":[-0.0183831453,-0.0331713557],"6":[-0.0082665682,-0.0245280862],"7":[-0.0039452314,-0.0185631514],"8":[-0.0019725561,-0.0142994523],"9":[-0.0010243654,-0.0111705065],"10":[-0.0005489588,-0.0088267624],"11":[-0.0003021955,-0.00704211],"12":[-0.0001701117,-0.0056644976],"13":[-0.0000978708,-0.0045890212],"14":[-0.0000573397,-0.0037410557],"15":[-0.0000339746,-0.0030667782],"16":[-0.0000203848,-0.0025266707],"17":[-0.000012517,-0.0020911694]},"runtime":{"0":27.1603751183,"1":54.6741042137,"2":81.4893655777,"3":109.2512631416,"4":138.2631313801,"5":166.6587982178,"6":193.9890327454,"7":220.9675209522,"8":248.1223955154,"9":276.5284819603,"10":303.7748093605,"11":331.5912530422,"12":360.5313181877,"13":387.3181655407,"14":415.1449048519,"15":442.3644521236,"16":472.5459222794,"17":500.0086638927},"vars":{"0":[0.0,0.0],"1":[0.0,0.0517145209],"2":[0.2893849909,0.0310273934],"3":[0.4369997084,0.0063493722],"4":[0.4762272239,0.0032698836],"5":[0.4886371195,0.0043426054],"6":[0.4928309321,0.0060715596],"7":[0.4941951632,0.0076644486],"8":[0.4945273995,0.0089726392],"9":[0.4944830537,0.0100095328],"10":[0.4943141043,0.0108228466],"11":[0.4941186905,0.0114603946],"12":[0.4939339757,0.0119619425],"13":[0.4937717915,0.0123585658],"14":[0.4936343133,0.0126740402],"15":[0.4935198128,0.01292641],"16":[0.4934250712,0.0131294513],"17":[0.4933468699,0.0132937245]}}