{"J":{"0":0.514713645},"f":{"0":[0.0073549747,0.0233415961]},"runtime":{"0":14.9278993607},"vars":{"0":[0.4926413,0.022072373]}}