{"J":{"0":0.5067569613},"f":{"0":[-0.0002757311,-0.0008855462]},"runtime":{"0":27.2252972126},"vars":{"0":[0.4929672778,0.0137897022]}}