{"J":{"0":2.465157032,"1":2.6014986038,"2":2.6014986038,"3":2.6014986038,"4":2.6014986038,"5":2.6014986038,"6":2.6014986038,"7":2.6014986038,"8":2.6014986038,"9":2.6014986038,"10":2.6014986038,"11":2.6014986038,"12":2.6014986038,"13":2.6014986038,"14":2.6014986038,"15":2.6014986038,"16":2.6014986038,"17":2.6014986038},"f":{"0":[-0.2688055038,-0.1366033554],"1":[0.002122879,0.003247261],"2":[0.002122879,0.003247261],"3":[0.002122879,0.003247261],"4":[0.002122879,0.003247261],"5":[0.002122879,0.003247261],"6":[0.002122879,0.003247261],"7":[0.002122879,0.003247261],"8":[0.002122879,0.003247261],"9":[0.002122879,0.003247261],"10":[0.002122879,0.003247261],"11":[0.002122879,0.003247261],"12":[0.002122879,0.003247261],"13":[0.002122879,0.003247261],"14":[0.002122879,0.003247261],"15":[0.002122879,0.003247261],"16":[0.002122879,0.003247261],"17":[0.002122879,0.003247261]},"runtime":{"0":27.0345747471,"1":56.2471413612,"2":87.7058842182,"3":117.2892398834,"4":148.4373004436,"5":177.5626988411,"6":204.6404454708,"7":230.4669790268,"8":256.2392804623,"9":281.6768581867,"10":309.6800105572,"11":340.7357878685,"12":372.0715978146,"13":402.2317774296,"14":432.5614812374,"15":462.1800966263,"16":488.1014113426,"17":514.0468013287},"vars":{"0":[1.1991196871,1.2660373449],"1":[1.2008743286,1.4006242752],"2":[1.2008743286,1.4006242752],"3":[1.2008743286,1.4006242752],"4":[1.2008743286,1.4006242752],"5":[1.2008743286,1.4006242752],"6":[1.2008743286,1.4006242752],"7":[1.2008743286,1.4006242752],"8":[1.2008743286,1.4006242752],"9":[1.2008743286,1.4006242752],"10":[1.2008743286,1.4006242752],"11":[1.2008743286,1.4006242752],"12":[1.2008743286,1.4006242752],"13":[1.2008743286,1.4006242752],"14":[1.2008743286,1.4006242752],"15":[1.2008743286,1.4006242752],"16":[1.2008743286,1.4006242752],"17":[1.2008743286,1.4006242752]}}