{"J":{"0":0.8999999762,"1":2.2999999523,"2":2.5857319832,"3":2.6372265816,"4":2.6515729427,"5":2.6565012932,"6":2.6584267616,"7":2.6592490673,"8":2.6596245766,"9":2.6598050594,"10":2.6598954201},"f":{"0":[-3.0999999046,-2.3000001907],"1":[-0.9000000954,0.3000001907],"2":[-0.185669899,0.3000001907],"3":[-0.056933403,0.3000001907],"4":[-0.0210676193,0.3000001907],"5":[-0.0087471008,0.3000001907],"6":[-0.0039334297,0.3000001907],"7":[-0.0018773079,0.3000001907],"8":[-0.0009384155,0.3000001907],"9":[-0.0004873276,0.3000001907],"10":[-0.0002613068,0.3000001907]},"runtime":{"0":48.9399766922,"1":104.6527402401,"2":159.252951622,"3":208.9096121788,"4":254.8392322063,"5":303.5411350727,"6":356.4058682919,"7":411.9432945251,"8":461.0189223289,"9":492.4152007103,"10":523.9231090546},"vars":{"0":[0.8999999762,0.0],"1":[1.5,0.8000000119],"2":[1.3571339846,1.2285981178],"3":[1.3313866854,1.3058400154],"4":[1.3242135048,1.3273594379],"5":[1.3217493296,1.3347518444],"6":[1.3207865953,1.3376400471],"7":[1.3203754425,1.3388736248],"8":[1.3201876879,1.3394370079],"9":[1.3200974464,1.339707613],"10":[1.3200522661,1.3398432732]}}