{"J":{"0":2.2000002861,"1":2.5999996662,"2":2.6000003815,"3":2.6000003815,"4":2.6000003815,"5":2.6000003815,"6":2.6000003815,"7":2.6000003815,"8":2.6000003815,"9":2.6000003815,"10":2.6000003815,"11":2.6000003815,"12":2.6000003815,"13":2.6000003815,"14":2.6000003815,"15":2.6000003815,"16":2.6000003815,"17":2.6000003815},"f":{"0":[-0.7999997139,-0.3999996185],"1":[-0.0000004768,-0.0000009537],"2":[0.0000004768,0.0000004768],"3":[0.0000004768,0.0000004768],"4":[0.0000004768,0.0000004768],"5":[0.0000004768,0.0000004768],"6":[0.0000004768,0.0000004768],"7":[0.0000004768,0.0000004768],"8":[0.0000004768,0.0000004768],"9":[0.0000004768,0.0000004768],"10":[0.0000004768,0.0000004768],"11":[0.0000004768,0.0000004768],"12":[0.0000004768,0.0000004768],"13":[0.0000004768,0.0000004768],"14":[0.0000004768,0.0000004768],"15":[0.0000004768,0.0000004768],"16":[0.0000004768,0.0000004768],"17":[0.0000004768,0.0000004768]},"runtime":{"0":31.3189783096,"1":67.8746278286,"2":97.209731102,"3":126.4215328693,"4":153.7420816422,"5":179.3062810898,"6":205.4198288918,"7":232.1368818283,"8":264.0055663586,"9":293.5543339252,"10":323.7690258026,"11":353.946764946,"12":382.737426281,"13":408.409188509,"14":435.5125253201,"15":460.9153647423,"16":489.4230730534,"17":518.7506959438},"vars":{"0":[1.2000000477,1.0000001192],"1":[1.1999998093,1.3999998569],"2":[1.2000001669,1.4000000954],"3":[1.2000001669,1.4000000954],"4":[1.2000001669,1.4000000954],"5":[1.2000001669,1.4000000954],"6":[1.2000001669,1.4000000954],"7":[1.2000001669,1.4000000954],"8":[1.2000001669,1.4000000954],"9":[1.2000001669,1.4000000954],"10":[1.2000001669,1.4000000954],"11":[1.2000001669,1.4000000954],"12":[1.2000001669,1.4000000954],"13":[1.2000001669,1.4000000954],"14":[1.2000001669,1.4000000954],"15":[1.2000001669,1.4000000954],"16":[1.2000001669,1.4000000954],"17":[1.2000001669,1.4000000954]}}