{"J":{"0":0.8999999762},"f":{"0":[-3.0999999046,-2.3000001907]},"runtime":{"0":42.8431429863},"vars":{"0":[0.8999999762,0.0]}}