{"J":{"0":69.5542526245,"1":90.3312606812,"2":92.1567611694,"3":92.485748291,"4":92.5774078369,"5":92.6088867188,"6":92.6211929321,"7":92.6264419556,"8":92.6288452148,"9":92.6300048828,"10":92.6305770874,"11":92.6308822632,"12":92.6310424805,"13":92.6311264038},"f":{"0":[-5.4534225464,-1.4294509888,-13.3753509521,-1.1051330566],"1":[-0.9981956482,0.7842979431,-1.140789032,13.9771194458],"2":[-0.2059288025,0.7842979431,-0.2353439331,15.627368927],"3":[-0.0631446838,0.7842979431,-0.0721664429,15.9247741699],"4":[-0.0233612061,0.7842941284,-0.0267028809,16.0076370239],"5":[-0.0097045898,0.7842979431,-0.011089325,16.0360908508],"6":[-0.0043640137,0.7842941284,-0.0049858093,16.0472183228],"7":[-0.0020828247,0.7842979431,-0.0023803711,16.0519638062],"8":[-0.0010414124,0.7842979431,-0.0011901855,16.0541381836],"9":[-0.0005378723,0.7842941284,-0.000617981,16.0551834106],"10":[-0.000289917,0.7842941284,-0.0003318787,16.0557022095],"11":[-0.0001602173,0.7842941284,-0.0001792908,16.0559768677],"12":[-0.000087738,0.7842979431,-0.0001029968,16.0561218262],"13":[-0.0000534058,0.7842979431,-0.0000572205,16.0561981201]},"runtime":{"0":36.4800765514,"1":70.3097827435,"2":115.6636579037,"3":168.56945467,"4":210.4925322533,"5":244.8758671284,"6":279.1270313263,"7":312.3084466457,"8":345.0070319176,"9":379.7279808521,"10":416.0782108307,"11":449.6559412479,"12":480.1025056839,"13":510.9220733643},"vars":{"0":[8.3937921524,6.2941889763,0.0,6.7768201828,0.0],"1":[8.1826868057,6.9004030228,0.0,10.6529359818,0.0],"2":[8.3725395203,6.8529396057,0.0,10.9705724716,0.0],"3":[8.4067564011,6.8443851471,0.0,11.0278158188,0.0],"4":[8.4162902832,6.8420014381,0.0,11.0437641144,0.0],"5":[8.4195613861,6.8411841393,0.0,11.0492420197,0.0],"6":[8.420841217,6.8408637047,0.0,11.0513839722,0.0],"7":[8.4213886261,6.8407273293,0.0,11.0522966385,0.0],"8":[8.4216384888,6.8406648636,0.0,11.0527153015,0.0],"9":[8.4217596054,6.8406338692,0.0,11.0529165268,0.0],"10":[8.4218177795,6.8406195641,0.0,11.0530166626,0.0],"11":[8.4218482971,6.8406119347,0.0,11.0530700684,0.0],"12":[8.4218664169,6.8406076431,0.0,11.0530967712,0.0],"13":[8.4218740463,6.8406062126,0.0,11.05311203,0.0]}}