{"J":{"0":90.8955917358,"1":92.580657959,"2":92.580657959,"3":92.580657959,"4":92.580657959,"5":92.580657959,"6":92.580657959,"7":92.580657959,"8":92.580657959,"9":92.580657959,"10":92.580657959,"11":92.580657959,"12":92.580657959,"13":92.580657959,"14":92.580657959,"15":92.580657959,"16":92.580657959,"17":92.580657959},"f":{"0":[-0.4301109314,-0.0430145264,-0.9677429199,15.2559814453],"1":[0.0000038147,0.0000076294,0.0,16.612903595],"2":[0.0000038147,0.0000076294,0.0,16.612903595],"3":[0.0000038147,0.0000076294,0.0,16.612903595],"4":[0.0000038147,0.0000076294,0.0,16.612903595],"5":[0.0000038147,0.0000076294,0.0,16.612903595],"6":[0.0000038147,0.0000076294,0.0,16.612903595],"7":[0.0000038147,0.0000076294,0.0,16.612903595],"8":[0.0000038147,0.0000076294,0.0,16.612903595],"9":[0.0000038147,0.0000076294,0.0,16.612903595],"10":[0.0000038147,0.0000076294,0.0,16.612903595],"11":[0.0000038147,0.0000076294,0.0,16.612903595],"12":[0.0000038147,0.0000076294,0.0,16.612903595],"13":[0.0000038147,0.0000076294,0.0,16.612903595],"14":[0.0000038147,0.0000076294,0.0,16.612903595],"15":[0.0000038147,0.0000076294,0.0,16.612903595],"16":[0.0000038147,0.0000076294,0.0,16.612903595],"17":[0.0000038147,0.0000076294,0.0,16.612903595]},"runtime":{"0":31.3814451694,"1":61.8290271759,"2":92.3431828022,"3":120.5959784985,"4":146.3129591942,"5":172.5019621849,"6":198.6118872166,"7":227.0458467007,"8":256.0686919689,"9":286.260710001,"10":317.3379499912,"11":348.2594237328,"12":376.7540440559,"13":402.8657476902,"14":428.809376955,"15":454.4349579811,"16":482.1387453079,"17":514.4743230343},"vars":{"0":[8.5137004852,6.6108217239,0.0,10.8071451187,0.0],"1":[8.5483875275,6.6129055023,0.0,11.129032135,0.0],"2":[8.5483875275,6.6129055023,0.0,11.129032135,0.0],"3":[8.5483875275,6.6129055023,0.0,11.129032135,0.0],"4":[8.5483875275,6.6129055023,0.0,11.129032135,0.0],"5":[8.5483875275,6.6129055023,0.0,11.129032135,0.0],"6":[8.5483875275,6.6129055023,0.0,11.129032135,0.0],"7":[8.5483875275,6.6129055023,0.0,11.129032135,0.0],"8":[8.5483875275,6.6129055023,0.0,11.129032135,0.0],"9":[8.5483875275,6.6129055023,0.0,11.129032135,0.0],"10":[8.5483875275,6.6129055023,0.0,11.129032135,0.0],"11":[8.5483875275,6.6129055023,0.0,11.129032135,0.0],"12":[8.5483875275,6.6129055023,0.0,11.129032135,0.0],"13":[8.5483875275,6.6129055023,0.0,11.129032135,0.0],"14":[8.5483875275,6.6129055023,0.0,11.129032135,0.0],"15":[8.5483875275,6.6129055023,0.0,11.129032135,0.0],"16":[8.5483875275,6.6129055023,0.0,11.129032135,0.0],"17":[8.5483875275,6.6129055023,0.0,11.129032135,0.0]}}