{"J":{"0":90.0530700684,"1":92.5806427002,"2":92.5806427002,"3":92.5806427002,"4":92.5806427002,"5":92.5806427002,"6":92.5806427002,"7":92.5806427002,"8":92.5806427002,"9":92.5806427002,"10":92.5806427002,"11":92.5806427002,"12":92.5806427002,"13":92.5806427002,"14":92.5806427002,"15":92.5806427002,"16":92.5806427002,"17":92.5806427002},"f":{"0":[-0.6451644897,-0.0645179749,-1.4516143799,14.5775222778],"1":[0.0000038147,0.0,0.0,16.612903595],"2":[0.0000038147,0.0,0.0,16.612903595],"3":[0.0000038147,0.0,0.0,16.612903595],"4":[0.0000038147,0.0,0.0,16.612903595],"5":[0.0000038147,0.0,0.0,16.612903595],"6":[0.0000038147,0.0,0.0,16.612903595],"7":[0.0000038147,0.0,0.0,16.612903595],"8":[0.0000038147,0.0,0.0,16.612903595],"9":[0.0000038147,0.0,0.0,16.612903595],"10":[0.0000038147,0.0,0.0,16.612903595],"11":[0.0000038147,0.0,0.0,16.612903595],"12":[0.0000038147,0.0,0.0,16.612903595],"13":[0.0000038147,0.0,0.0,16.612903595],"14":[0.0000038147,0.0,0.0,16.612903595],"15":[0.0000038147,0.0,0.0,16.612903595],"16":[0.0000038147,0.0,0.0,16.612903595],"17":[0.0000038147,0.0,0.0,16.612903595]},"runtime":{"0":29.1034049988,"1":65.0108184814,"2":94.9093515873,"3":121.7466754913,"4":147.9500601292,"5":174.3665816784,"6":203.2213521004,"7":233.5718474388,"8":263.7123014927,"9":293.3848199844,"10":322.6159410477,"11":349.6009728909,"12":376.1583502293,"13":401.8695540428,"14":428.8099057674,"15":458.5750441551,"16":489.7416427135,"17":519.2691309452},"vars":{"0":[8.4963569641,6.6097812653,0.0,10.6462020874,0.0],"1":[8.5483875275,6.612903595,0.0,11.129032135,0.0],"2":[8.5483875275,6.612903595,0.0,11.129032135,0.0],"3":[8.5483875275,6.612903595,0.0,11.129032135,0.0],"4":[8.5483875275,6.612903595,0.0,11.129032135,0.0],"5":[8.5483875275,6.612903595,0.0,11.129032135,0.0],"6":[8.5483875275,6.612903595,0.0,11.129032135,0.0],"7":[8.5483875275,6.612903595,0.0,11.129032135,0.0],"8":[8.5483875275,6.612903595,0.0,11.129032135,0.0],"9":[8.5483875275,6.612903595,0.0,11.129032135,0.0],"10":[8.5483875275,6.612903595,0.0,11.129032135,0.0],"11":[8.5483875275,6.612903595,0.0,11.129032135,0.0],"12":[8.5483875275,6.612903595,0.0,11.129032135,0.0],"13":[8.5483875275,6.612903595,0.0,11.129032135,0.0],"14":[8.5483875275,6.612903595,0.0,11.129032135,0.0],"15":[8.5483875275,6.612903595,0.0,11.129032135,0.0],"16":[8.5483875275,6.612903595,0.0,11.129032135,0.0],"17":[8.5483875275,6.612903595,0.0,11.129032135,0.0]}}