{"J":{"0":90.0530700684},"f":{"0":[-0.6451644897,-0.0645179749,-1.4516143799,14.5775222778]},"runtime":{"0":32.1755113602},"vars":{"0":[8.4963569641,6.6097812653,0.0,10.6462020874,0.0]}}