{"J":{"0":79.9427642822},"f":{"0":[-3.2258071899,-0.3225784302,-7.2580680847,6.4359970093]},"runtime":{"0":29.3945431709},"vars":{"0":[8.2882413864,6.5972952843,0.0,8.7148790359,0.0]}}