{"J":{"0":69.5542526245},"f":{"0":[-5.4534225464,-1.4294509888,-13.3753509521,-1.1051330566]},"runtime":{"0":33.6766374111},"vars":{"0":[8.3937921524,6.2941889763,0.0,6.7768201828,0.0]}}