{"J":{"0":2.7499637604,"1":9.625010252,"2":16.4858287573,"3":19.435030818,"4":20.5076620579,"5":20.8557124138},"f":{"0":[1.7499637604,-2.2500362396],"1":[1.1250185966,-1.3749830723],"2":[0.4464646578,-0.5456625223],"3":[0.1547797918,-0.1891700029],"4":[0.0488066673,-0.0594222546],"5":[0.0142416954,-0.0174641609]},"runtime":{"0":34.4632451534,"1":35.8482456207,"2":37.6163549423,"3":39.0892443657,"4":147.2519977093,"5":255.1507177353}}