{"J":{"0":2.7499637604,"1":9.625010252,"2":16.4858287573,"3":19.435030818,"4":20.5091335773},"f":{"0":[1.7499637604,-2.2500362396],"1":[1.1250185966,-1.3749830723],"2":[0.4464646578,-0.5456625223],"3":[0.1547797918,-0.1891700029],"4":[0.0489406586,-0.0590207577]},"runtime":{"0":46.5602798462,"1":48.7607762814,"2":50.870880127,"3":53.2867927551,"4":226.4383482933}}