{"J":{"0":2.9998185635,"1":9.5001107454,"2":16.4362454414,"3":19.4178361893,"4":20.5016496181,"5":20.8542432785,"6":20.9598646164},"f":{"0":[1.9998185635,-2.0001814365],"1":[1.0000863075,-1.4999088049],"2":[0.3968884945,-0.5952401161],"3":[0.1375935078,-0.2063579559],"4":[0.0433390141,-0.0649988651],"5":[0.012668848,-0.0190162659],"6":[0.0034832954,-0.0052404404]},"runtime":{"0":55.4685983658,"1":56.7724747658,"2":58.2950325012,"3":59.5545017719,"4":60.7875771523,"5":160.0704650879,"6":271.0746953487}}