{"J":{"0":2.9998233318,"1":9.5001083612,"2":16.4362455606,"3":19.4178358316,"4":20.4972962141,"5":20.8571255207},"f":{"0":[1.9998233318,-2.0001766682],"1":[1.0000839233,-1.4999111891],"2":[0.3968874216,-0.5952409506],"3":[0.1375931501,-0.2063583136],"4":[0.0429433584,-0.0661860704],"5":[0.0129308701,-0.0182301998]},"runtime":{"0":38.8579471111,"1":40.2349770069,"2":41.9624605179,"3":43.4272065163,"4":145.6732773781,"5":248.1066203117}}