{"J":{"0":2.9998254776,"1":9.5001058578,"2":16.436245203,"3":19.4178366661,"4":20.5016086102,"5":20.85389328},"f":{"0":[1.9998254776,-2.0001745224],"1":[1.0000832081,-1.499912262],"2":[0.396887064,-0.5952413082],"3":[0.1375927925,-0.2063584328],"4":[0.0433349609,-0.0650103092],"5":[0.0126371384,-0.0191116333]},"runtime":{"0":32.3724739552,"1":33.5185308456,"2":34.9874880314,"3":36.2216355801,"4":180.0054588318,"5":334.520216465}}