{"J":{"0":2.9998254776,"1":10.501919508,"2":12.4852365255,"3":12.8426785469,"4":12.9422464371,"5":12.9764529467},"f":{"0":[1.9998254776,-2.0001745224],"1":[1.9998178482,-0.4997618198],"2":[1.9998159409,-0.1030999422],"3":[1.9998130798,-0.0316138268],"4":[1.9998149872,-0.0116987228],"5":[1.9998149872,-0.0048574209]},"runtime":{"0":57.6100068092,"1":91.7301185131,"2":121.9366440773,"3":150.7242944241,"4":180.1364469528,"5":208.5780057907}}