{"J":{"0":2.9998185635,"1":10.5019927025,"2":12.4852712154,"3":12.8426947594},"f":{"0":[1.9998185635,-2.0001814365],"1":[1.9998099804,-0.4997534752],"2":[1.9998095036,-0.1030981541],"3":[1.9998090267,-0.0316138268]},"runtime":{"0":56.3214995861,"1":103.3061687946,"2":158.4718949795,"3":206.0312376022}}