{"J":{"0":2.9998254776,"1":10.501919508,"2":12.4852365255,"3":12.8426785469,"4":12.9422464371,"5":12.9764529467,"6":12.9898167849},"f":{"0":[1.9998254776,-2.0001745224],"1":[1.9998178482,-0.4997618198],"2":[1.9998159409,-0.1030999422],"3":[1.9998130798,-0.0316138268],"4":[1.9998149872,-0.0116987228],"5":[1.9998149872,-0.0048574209],"6":[1.999815464,-0.0021842718]},"runtime":{"0":33.9588224888,"1":67.1223027706,"2":100.0823535919,"3":133.0030031204,"4":165.9265906811,"5":198.8579137325,"6":231.7841625214}}