{"J":{"0":2.9998233318,"1":10.5019490719,"2":12.4852595329,"3":12.8426846266,"4":12.9422675371,"5":12.9764676094},"f":{"0":[1.9998233318,-2.0001766682],"1":[1.9998140335,-0.4997589588],"2":[1.9998109341,-0.1030993462],"3":[1.9998114109,-0.031613946],"4":[1.9998104572,-0.0116981268],"5":[1.9998111725,-0.0048575401]},"runtime":{"0":38.8323607445,"1":76.821051836,"2":114.6878979206,"3":152.4577777386,"4":190.2159423828,"5":227.9448554516}}