{"J":{"0":2.7499637604,"1":11.7512446642,"2":12.742978096,"3":12.9217181206,"4":12.9715094566,"5":12.9886161089},"f":{"0":[1.7499637604,-2.2500362396],"1":[1.9998147488,-0.2498992682],"2":[1.9998133183,-0.0515537262],"3":[1.9998109341,-0.0158076286],"4":[1.9998109341,-0.0058493614],"5":[1.9998104572,-0.0024284124]},"runtime":{"0":31.0520951748,"1":67.3472831249,"2":110.4514365196,"3":150.0041487217,"4":182.9020636082,"5":216.2873101234}}