{"J":{"0":2.9998185635},"f":{"0":[1.9998185635,-2.0001814365]},"runtime":{"0":54.715921402}}