{"J":{"0":4.9950108528},"f":{"0":[3.9950108528,-0.0049891472]},"runtime":{"0":64.964977026},"vars":{"0":[4.9950108528,0.0]}}