{"J":{"0":2.7499637604},"f":{"0":[1.7499637604,-2.2500362396]},"runtime":{"0":37.189332962}}