{"J":{"0":3.9999966621},"f":{"0":[2.9999966621,-1.0000033379]},"runtime":{"0":15.0451891422},"vars":{"0":[3.9999966621,0.0]}}