{"J":{"0":2.9998254776},"f":{"0":[1.9998254776,-2.0001745224]},"runtime":{"0":36.3520896435}}