{"J":{"0":2.9998233318},"f":{"0":[1.9998233318,-2.0001766682]},"runtime":{"0":39.146635294}}