{"J":{"0":20.7944592237},"f":{"0":[0.0200961828,-0.025031209]},"runtime":{"0":49.3967103958}}