{"J":{"0":20.7944614887},"f":{"0":[0.0200960636,-0.0250308514]},"runtime":{"0":33.1399893761}}