{"J":{"0":4.9995002747},"f":{"0":[3.9995002747,-0.0004997253]},"runtime":{"0":25.7798035145},"vars":{"0":[4.9995002747,0.0]}}