{"J":{"0":20.7944492102},"f":{"0":[0.0200980902,-0.0250316858]},"runtime":{"0":58.5456159115}}