{"J":{"0":4.9949998856},"f":{"0":[3.9949998856,-0.0050001144]},"runtime":{"0":17.5998427868},"vars":{"0":[4.9949998856,0.0]}}