{"J":{"0":8.2358970642},"f":{"0":[1.8337421417,-1.0858268738]},"runtime":{"0":7.7324018478},"vars":{"0":[2.8337421417,0.5402154922]}}