{"J":{"0":164.9974822998},"f":{"0":[13.9997711182,39.9993133545]},"runtime":{"0":2.7115504742},"vars":{"0":[14.9997711182,14.9997711182]}}