{"J":{"0":219.9987487793},"f":{"0":[18.9998855591,54.9996566772]},"runtime":{"0":2.4035441875},"vars":{"0":[19.9998855591,19.9998855591]}}