{"J":{"0":-338.3118896484},"f":{"0":[67.6697540283,37.6546707153,381.6333007812,-1.0,-3.38697052]},"runtime":{"0":20.4626026154},"vars":{"0":[25.0,-23.0784244537,-12.8516054153,5.4315185547,-16.828918457]}}