{
  "J": {
    "0": 1839.6784385675671
  },
  "f": {
    "0": [
      -4.908202001452446
    ]
  },
  "runtime": {
    "0": 22.588454484939575
  }
}