{"J":{"0":-241.1824476619},"f":{"0":[-0.0000001049,7.2113609871,346.0330690997,-0.0000000083,133.9310888597]},"runtime":{"0":23.5718026161},"vars":{"0":[25.00000025,-25.00000025,14.421448348,0.2541272651,-24.0576029534]}}