{"J":{"0":-411.25,"1":-410.0,"2":-410.0,"3":-410.0,"4":-410.0,"5":-410.0,"6":-410.0,"7":-410.0,"8":-119.1897125244,"9":-119.1897125244,"10":-119.1897125244,"11":-119.1897125244,"12":-119.1897125244,"13":-119.1897125244,"14":-119.1897125244,"15":-119.1897125244},"f":{"0":[560.0,150.5,421.75,-1.0,-2.5],"1":[580.0,153.0,424.0,-1.0,0.0],"2":[580.0001220703,153.0000152588,424.0,-1.0,0.0000152588],"3":[580.0001220703,153.0000152588,424.0,-1.0,0.0000152588],"4":[580.0,153.0,424.0,-1.0,0.0],"5":[580.0,153.0,424.0,-1.0,0.0],"6":[580.0001220703,153.0000152588,424.0,-1.0,0.0000152588],"7":[580.0001220703,153.0000152588,424.0,-1.0,0.0000152588],"8":[1.8408966064,43.4932975769,208.1661224365,24.2577056885,33.6063232422],"9":[1.8408966064,43.4932975769,208.1661224365,24.2577056885,33.6063232422],"10":[1.8408966064,43.4932975769,208.1661224365,24.2577056885,33.6063232422],"11":[1.8408966064,43.4932975769,208.1661224365,24.2577056885,33.6063232422],"12":[1.8408966064,43.4932975769,208.1661224365,24.2577056885,33.6063232422],"13":[1.8408966064,43.4932975769,208.1661224365,24.2577056885,33.6063232422],"14":[1.8408966064,43.4932975769,208.1661224365,24.2577056885,33.6063232422],"15":[1.8408966064,43.4932975769,208.1661224365,24.2577056885,33.6063232422]},"runtime":{"0":33.5033144951,"1":65.4720489979,"2":97.6994278431,"3":130.7178730965,"4":163.5192317963,"5":195.9309835434,"6":227.9620625973,"7":263.5285844803,"8":298.6848015785,"9":331.1698384285,"10":362.7205681801,"11":394.2058627605,"12":429.8230538368,"13":465.6484949589,"14":498.7722246647,"15":530.2740073204},"vars":{"0":[25.0,-25.0,-25.0,22.75,-25.0],"1":[25.0,-25.0,-25.0,23.0,-25.0],"2":[25.0,-25.0,-25.0,23.0000019073,-25.0],"3":[25.0,-25.0,-25.0,23.0000019073,-25.0],"4":[25.0,-25.0,-25.0,23.0,-25.0],"5":[25.0,-25.0,-25.0,23.0,-25.0],"6":[25.0,-25.0,-25.0,23.0000019073,-25.0],"7":[25.0,-25.0,-25.0,23.0000019073,-25.0],"8":[14.4272489548,-6.4668483734,-0.4246954918,0.8852663636,-13.0422906876],"9":[14.4272489548,-6.4668483734,-0.4246954918,0.8852663636,-13.0422906876],"10":[14.4272489548,-6.4668483734,-0.4246954918,0.8852663636,-13.0422906876],"11":[14.4272489548,-6.4668483734,-0.4246954918,0.8852663636,-13.0422906876],"12":[14.4272489548,-6.4668483734,-0.4246954918,0.8852663636,-13.0422906876],"13":[14.4272489548,-6.4668483734,-0.4246954918,0.8852663636,-13.0422906876],"14":[14.4272489548,-6.4668483734,-0.4246954918,0.8852663636,-13.0422906876],"15":[14.4272489548,-6.4668483734,-0.4246954918,0.8852663636,-13.0422906876]}}