{"J":{"0":-33.2173118591},"f":{"0":[180.5989227295,14.9697589874,129.725402832,127.9129333496,8.189614296]},"runtime":{"0":33.0977404118},"vars":{"0":[2.8296153545,-3.3575077057,-3.015433073,1.9311648607,0.39903301]}}