{"J":{"0":4.4999966621},"f":{"0":[3.4999966621,-0.5000033379]},"runtime":{"0":14.6690797806},"vars":{"0":[4.4999966621,0.0]}}