{"J":{"0":0.0417103432,"1":-44.1301879883,"2":-265.010925293},"f":{"0":[-1.1636695862,-1.9802024364,-7.7371153831,2.1240637302,-4.9474582672],"1":[0.0776100159,0.8229503632,4.0236234665,-1.0,2.0617485046],"2":[-0.1215362549,0.8086738586,1.5403213501,-1.0,0.8778991699]},"runtime":{"0":45.7839903831,"1":92.1480956078,"2":1904.2255530357},"vars":{"0":[0.0016963565,0.0002012922,0.001984088,-0.0010999456,0.0040167305],"1":[1.3144141436,-4.266933918,0.5307147503,2.8027186394,-3.7264583111],"2":[4.0628228188,-25.0,-0.4932255149,17.8745422363,-19.1509590149]}}