{"J":{"0":0.0417103432,"1":-44.1301879883,"2":-265.010925293,"3":-264.7616577148,"4":-264.674041748,"5":-264.6350708008,"6":-264.6435546875,"7":-264.640838623,"8":-264.6407470703},"f":{"0":[-1.1636695862,-1.9802024364,-7.7371153831,2.1240637302,-4.9474582672],"1":[0.0776100159,0.8229503632,4.0236234665,-1.0,2.0617485046],"2":[-0.1215362549,0.8086738586,1.5403213501,-1.0,0.8778991699],"3":[-0.1877593994,0.2807769775,0.534866333,-1.0,0.3050384521],"4":[-0.2396392822,0.0885391235,0.1686325073,-1.0,0.0962219238],"5":[-0.1389312744,0.039390564,0.0756950378,-1.0,0.0492553711],"6":[-0.3275299072,0.0037765503,0.0070533752,-1.0,0.002532959],"7":[-0.3224945068,0.0007362366,0.0013313293,-1.0,0.0002593994],"8":[-0.3289794922,-0.0003967285,-0.0002250671,-1.0,-0.0004882812]},"runtime":{"0":57.3455452919,"1":114.1893796921,"2":171.1610143185,"3":227.1076097488,"4":282.3814365864,"5":335.6825640202,"6":394.2353227139,"7":451.589754343,"8":510.2844321728},"vars":{"0":[0.0016963565,0.0002012922,0.001984088,-0.0010999456,0.0040167305],"1":[1.3144141436,-4.266933918,0.5307147503,2.8027186394,-3.7264583111],"2":[4.0628228188,-25.0,-0.4932255149,17.8745422363,-19.1509590149],"3":[3.9867384434,-25.0,-0.5521592498,17.8554267883,-19.021024704],"4":[3.9593319893,-25.0,-0.5732287169,17.8484134674,-18.9745960236],"5":[3.9511790276,-25.0,-0.5792497993,17.8466758728,-18.9594364166],"6":[3.9479429722,-25.0,-0.5818017125,17.8452243805,-18.9561328888],"7":[3.9474625587,-25.0,-0.5820402503,17.8450965881,-18.955280304],"8":[3.9474086761,-25.0,-0.5819980502,17.8450012207,-18.9552288055]}}