{"J":{"0":-411.25,"1":-410.0,"2":-410.0,"3":-410.0,"4":-410.0,"5":-410.0,"6":-410.0,"7":-410.0,"8":-119.1897125244},"f":{"0":[560.0,150.5,421.75,-1.0,-2.5],"1":[580.0,153.0,424.0,-1.0,0.0],"2":[580.0001220703,153.0000152588,424.0,-1.0,0.0000152588],"3":[580.0001220703,153.0000152588,424.0,-1.0,0.0000152588],"4":[580.0,153.0,424.0,-1.0,0.0],"5":[580.0,153.0,424.0,-1.0,0.0],"6":[580.0001220703,153.0000152588,424.0,-1.0,0.0000152588],"7":[580.0001220703,153.0000152588,424.0,-1.0,0.0000152588],"8":[1.8408966064,43.4932975769,208.1661224365,24.2577056885,33.6063232422]},"runtime":{"0":55.3225252628,"1":110.019942522,"2":167.5209846497,"3":223.8560304642,"4":279.9450826645,"5":335.314242363,"6":390.7132382393,"7":445.7488806248,"8":501.4934151173},"vars":{"0":[25.0,-25.0,-25.0,22.75,-25.0],"1":[25.0,-25.0,-25.0,23.0,-25.0],"2":[25.0,-25.0,-25.0,23.0000019073,-25.0],"3":[25.0,-25.0,-25.0,23.0000019073,-25.0],"4":[25.0,-25.0,-25.0,23.0,-25.0],"5":[25.0,-25.0,-25.0,23.0,-25.0],"6":[25.0,-25.0,-25.0,23.0000019073,-25.0],"7":[25.0,-25.0,-25.0,23.0000019073,-25.0],"8":[14.4272489548,-6.4668483734,-0.4246954918,0.8852663636,-13.0422906876]}}