{"J":{"0":-411.25,"1":-410.0,"2":-410.0,"3":-410.0,"4":-410.0,"5":-410.0,"6":-410.0,"7":-410.0,"8":-119.1897125244,"9":-119.1897125244,"10":-119.1897125244,"11":-119.1897125244,"12":-119.1897125244,"13":-119.1897125244,"14":-119.1897125244},"f":{"0":[560.0,150.5,421.75,-1.0,-2.5],"1":[580.0,153.0,424.0,-1.0,0.0],"2":[580.0001220703,153.0000152588,424.0,-1.0,0.0000152588],"3":[580.0001220703,153.0000152588,424.0,-1.0,0.0000152588],"4":[580.0,153.0,424.0,-1.0,0.0],"5":[580.0,153.0,424.0,-1.0,0.0],"6":[580.0001220703,153.0000152588,424.0,-1.0,0.0000152588],"7":[580.0001220703,153.0000152588,424.0,-1.0,0.0000152588],"8":[1.8408966064,43.4932975769,208.1661224365,24.2577056885,33.6063232422],"9":[1.8408966064,43.4932975769,208.1661224365,24.2577056885,33.6063232422],"10":[1.8408966064,43.4932975769,208.1661224365,24.2577056885,33.6063232422],"11":[1.8408966064,43.4932975769,208.1661224365,24.2577056885,33.6063232422],"12":[1.8408966064,43.4932975769,208.1661224365,24.2577056885,33.6063232422],"13":[1.8408966064,43.4932975769,208.1661224365,24.2577056885,33.6063232422],"14":[1.8408966064,43.4932975769,208.1661224365,24.2577056885,33.6063232422]},"runtime":{"0":32.091124773,"1":63.8404626846,"2":98.138628006,"3":133.6099410057,"4":165.9424176216,"5":198.8082458973,"6":230.6223323345,"7":262.3554422855,"8":295.4418201447,"9":327.8049066067,"10":359.9569971561,"11":392.0477855206,"12":437.35932827,"13":473.4281377792,"14":511.9568076134},"vars":{"0":[25.0,-25.0,-25.0,22.75,-25.0],"1":[25.0,-25.0,-25.0,23.0,-25.0],"2":[25.0,-25.0,-25.0,23.0000019073,-25.0],"3":[25.0,-25.0,-25.0,23.0000019073,-25.0],"4":[25.0,-25.0,-25.0,23.0,-25.0],"5":[25.0,-25.0,-25.0,23.0,-25.0],"6":[25.0,-25.0,-25.0,23.0000019073,-25.0],"7":[25.0,-25.0,-25.0,23.0000019073,-25.0],"8":[14.4272489548,-6.4668483734,-0.4246954918,0.8852663636,-13.0422906876],"9":[14.4272489548,-6.4668483734,-0.4246954918,0.8852663636,-13.0422906876],"10":[14.4272489548,-6.4668483734,-0.4246954918,0.8852663636,-13.0422906876],"11":[14.4272489548,-6.4668483734,-0.4246954918,0.8852663636,-13.0422906876],"12":[14.4272489548,-6.4668483734,-0.4246954918,0.8852663636,-13.0422906876],"13":[14.4272489548,-6.4668483734,-0.4246954918,0.8852663636,-13.0422906876],"14":[14.4272489548,-6.4668483734,-0.4246954918,0.8852663636,-13.0422906876]}}