{
  "J": {
    "0": 2321,
    "1": 1900,
    "2": 1891,
    "3": 1880,
    "4": 1873,
    "5": 1868,
    "6": 1865,
    "7": 1863.549,
    "8": 1863.485,
    "9": 1863.983,
    "10": 1865.195,
    "11": 1864.738,
    "12": 1862.147,
    "13": 1858.464,
    "14": 1861.791,
    "15": 1863.811,
    "16": 1863.689,
    "17": 1858.895,
    "18": 1864.44,
    "19": 1861.53,
    "20": 1864.93,
    "21": 1863.026,
    "22": 1865.004,
    "23": 1863.031,
    "24": 1862.233,
    "25": 1859.847
  },
  "f": {
    "0": [
      0.0
    ],
    "1": [
      -1.35
    ],
    "2": [
      -1.47
    ],
    "3": [
      -1.47
    ],
    "4": [
      -1.47
    ],
    "5": [
      -1.47
    ],
    "6": [
      -1.47
    ],
    "7": [
      -1.47
    ],
    "8": [
      -1.47
    ],
    "9": [
      -1.47
    ],
    "10": [
      -1.47
    ],
    "11": [
      -1.47
    ],
    "12": [
      -1.47
    ],
    "13": [
      -1.47
    ],
    "14": [
      -1.47
    ],
    "15": [
      -1.47
    ],
    "16": [
      -1.47
    ],
    "17": [
      -1.47
    ],
    "18": [
      -1.47
    ],
    "19": [
      -1.47
    ],
    "20": [
      -1.47
    ],
    "21": [
      -1.47
    ],
    "22": [
      -1.47
    ],
    "23": [
      -1.47
    ],
    "24": [
      -1.47
    ],
    "25": [
      -1.47
    ]
  },
  "runtime": {
    "0": 20.868366,
    "1": 40.460313,
    "2": 60.410707,
    "3": 80.256665,
    "4": 100.129158,
    "5": 119.870304,
    "6": 139.651127,
    "7": 159.346164,
    "8": 179.265368,
    "9": 199.021978,
    "10": 218.956168,
    "11": 238.860025,
    "12": 259.761838,
    "13": 279.748744,
    "14": 299.558429,
    "15": 319.422803,
    "16": 339.244901,
    "17": 359.381943,
    "18": 379.452833,
    "19": 399.682983,
    "20": 419.522526,
    "21": 439.420305,
    "22": 460.004658,
    "23": 479.926781,
    "24": 499.904615,
    "25": 500.006466
  }
}