{
  "J": {
    "0": 2191.0,
    "1": 2176.0,
    "2": 2022.0,
    "3": 1989.0,
    "4": 1907.0,
    "5": 1885.0,
    "6": 1879.0,
    "7": 1875.0,
    "8": 1875.0,
    "9": 1875.0,
    "10": 1875.0
  },
  "f": {
    "0": [
      -10.0
    ],
    "1": [
      -3.0
    ],
    "2": [
      -2.7
    ],
    "3": [
      -1.8
    ],
    "4": [
      -1.75
    ],
    "5": [
      -1.73
    ],
    "6": [
      -1.73
    ],
    "7": [
      -1.73
    ],
    "8": [
      -1.73
    ],
    "9": [
      -1.73
    ],
    "10": [
      -1.73
    ]
  },
  "runtime": {
    "0": 41.0451891422,
    "1": 95.451891422,
    "2": 137.75,
    "3": 172.389,
    "4": 210.8392,
    "5": 258.1892,
    "6": 310.83992,
    "7": 363.8392,
    "8": 407.0451891422,
    "9": 453.0451891422,
    "10": 499.832892
  }
}