{
  "J": {
    "0": 2431.039266069944
  },
  "f": {
    "0": [
      0.01050390148102
    ]
  },
  "runtime": {
    "0": 500.0
  }
}