{
  "J": {
    "0": 1839.6784385675671,
    "1": 1839.6784385675671,
    "2": 1872.37739927,
    "3": 1876.0,
    "4": 1879.0,
    "5": 1898.0,
    "6": 1900.0,
    "7": 1902.6784385675671,
    "8": 1902.6784385675671,
    "9": 1902.6784385675671,
    "10": 1902.6784385675671,
    "11": 1902.6784385675671
  },
  "f": {
    "0": [
      -4.908202001452446
    ],
    "1": [
      -4.908202001452446
    ],
    "2": [
      -1.35
    ],
    "3": [
      -1.19
    ],
    "4": [
      -1.05
    ],
    "5": [
      -0.21
    ],
    "6": [
      0.0
    ],
    "7": [
      0.0
    ],
    "8": [
      0.0
    ],
    "9": [
      0.0
    ],
    "10": [
      0.0
    ],
    "11": [
      0.0
    ]
  },
  "runtime": {
    "0": 35.0451891422,
    "1": 76.451891422,
    "2": 113.75,
    "3": 148.389,
    "4": 186.8392,
    "5": 234.1892,
    "6": 276.83992,
    "7": 329.8392,
    "8": 373.0451891422,
    "9": 419.0451891422,
    "10": 465.832892,
    "11": 512.619595
  }
}