{
  "J": {
    "0": 1986.001435171243
  },
  "f": {
    "0": [
      -0.0006266027688980102
    ]
  },
  "runtime": {
    "0": 45.815234899520874
  }
}