{"J":{"0":174.0,"1":73.0,"2":-7.1637516022,"3":-62.7461929321,"4":-97.7609405518,"5":-118.2376861572,"6":-129.5064849854,"7":-135.3973236084,"8":-138.3427429199,"9":-139.7587585449,"10":-140.416015625,"11":-140.7115478516,"12":-140.840637207,"13":-140.8955535889,"14":-140.9183044434,"15":-140.9275512695,"16":-140.9311981201,"17":-140.9326324463,"18":-140.9331665039,"19":-140.9333648682,"20":-140.9334564209,"21":-140.9334716797,"22":-140.9334869385,"23":-140.9334869385,"24":-140.9334869385,"25":-140.9334869385,"26":-140.9334869385,"27":-140.9334869385,"28":-140.9334869385,"29":-140.9334869385,"30":-140.9334869385,"31":-140.9334869385,"32":-140.9334869385,"33":-140.9334869385,"34":-140.9334869385,"35":-140.9334869385,"36":-140.9334869385,"37":-140.9334869385,"38":-140.9334869385,"39":-140.9334869385,"40":-140.9334869385,"41":-140.9334869385,"42":-140.9334869385,"43":-140.9334869385,"44":-140.9334869385,"45":-140.9334869385,"46":-140.9334869385,"47":-140.9334869385,"48":-140.9334869385,"49":-140.9334869385,"50":-140.9334869385,"51":-140.9334869385,"52":-140.9334869385,"53":-140.9334869385,"54":-140.9334869385,"55":-140.9334869385,"56":-140.9334869385,"57":-140.9334869385,"58":-140.9334869385,"59":-140.9334869385,"60":-140.9334869385,"61":-140.9334869385,"62":-140.9334869385,"63":-140.9334869385,"64":-140.9334869385,"65":-140.9334869385,"66":-140.9334869385,"67":-140.9334869385,"68":-140.9334869385,"69":-140.9334869385,"70":-140.9334869385,"71":-140.9334869385,"72":-140.9334869385,"73":-140.9334869385,"74":-140.9334869385,"75":-140.9334869385,"76":-140.9334869385,"77":null},"f":{"0":[743.0,761.0],"1":[440.0,438.0],"2":[199.5087432861,181.6347351074],"3":[135.4869537354,17.332408905],"4":[118.8462677002,-16.0],"5":[109.1147537231,-16.0],"6":[103.7592849731,-16.0],"7":[100.9596710205,-16.0],"8":[99.5598754883,-16.0],"9":[98.8869171143,-16.0],"10":[98.5745544434,-16.0],"11":[98.4341125488,-16.0],"12":[98.372756958,-16.0],"13":[98.3466644287,-16.0],"14":[98.3358459473,-16.0],"15":[98.3314590454,-16.0],"16":[98.3297271729,-16.0],"17":[98.3290481567,-16.0],"18":[98.3287811279,-16.0],"19":[98.3286895752,-16.0],"20":[98.3286590576,-16.0],"21":[98.3286514282,-16.0],"22":[98.3286437988,-16.0],"23":[98.3286437988,-16.0],"24":[98.3286437988,-16.0],"25":[98.3286437988,-16.0],"26":[98.3286437988,-16.0],"27":[98.3286437988,-16.0],"28":[98.3286437988,-16.0],"29":[98.3286437988,-16.0],"30":[98.3286437988,-16.0],"31":[98.3286437988,-16.0],"32":[98.3286437988,-16.0],"33":[98.3286437988,-16.0],"34":[98.3286437988,-16.0],"35":[98.3286437988,-16.0],"36":[98.3286437988,-16.0],"37":[98.3286437988,-16.0],"38":[98.3286437988,-16.0],"39":[98.3286437988,-16.0],"40":[98.3286437988,-16.0],"41":[98.3286437988,-16.0],"42":[98.3286437988,-16.0],"43":[98.3286437988,-16.0],"44":[98.3286437988,-16.0],"45":[98.3286437988,-16.0],"46":[98.3286437988,-16.0],"47":[98.3286437988,-16.0],"48":[98.3286437988,-16.0],"49":[98.3286437988,-16.0],"50":[98.3286437988,-16.0],"51":[98.3286437988,-16.0],"52":[98.3286437988,-16.0],"53":[98.3286437988,-16.0],"54":[98.3286437988,-16.0],"55":[98.3286437988,-16.0],"56":[98.3286437988,-16.0],"57":[98.3286437988,-16.0],"58":[98.3286437988,-16.0],"59":[98.3286437988,-16.0],"60":[98.3286437988,-16.0],"61":[98.3286437988,-16.0],"62":[98.3286437988,-16.0],"63":[98.3286437988,-16.0],"64":[98.3286437988,-16.0],"65":[98.3286437988,-16.0],"66":[98.3286437988,-16.0],"67":[98.3286437988,-16.0],"68":[98.3286437988,-16.0],"69":[98.3286437988,-16.0],"70":[98.3286437988,-16.0],"71":[98.3286437988,-16.0],"72":[98.3286437988,-16.0],"73":[98.3286437988,-16.0],"74":[98.3286437988,-16.0],"75":[98.3286437988,-16.0],"76":[98.3286437988,-16.0],"77":[null,null]},"runtime":{"0":0.0129623413,"1":0.0220909119,"2":0.0301017761,"3":0.0381057262,"4":0.0463862419,"5":0.0543649197,"6":0.0622467995,"7":0.0704674721,"8":0.0789198875,"9":0.087338686,"10":0.0952854156,"11":0.1023039818,"12":0.1103959084,"13":0.1185081005,"14":0.126527071,"15":0.1343224049,"16":0.1423001289,"17":0.1493830681,"18":0.1573617458,"19":0.1662695408,"20":0.1742498875,"21":0.1822292805,"22":0.1902084351,"23":0.197966814,"24":0.2059226036,"25":0.2138650417,"26":0.2218437195,"27":0.2303407192,"28":0.2402784824,"29":0.247333765,"30":0.2543110847,"31":0.2613277435,"32":0.2707748413,"33":0.2807617188,"34":0.2894668579,"35":0.2980318069,"36":0.3066942692,"37":0.314316988,"38":0.3228447437,"39":0.3307857513,"40":0.3387646675,"41":0.3472220898,"42":0.3551595211,"43":0.3637528419,"44":0.3715922832,"45":0.3795704842,"46":0.387645483,"47":0.3956246376,"48":0.403190136,"49":0.4118206501,"50":0.4198415279,"51":0.4278242588,"52":0.4358992577,"53":0.4438796043,"54":0.4518589973,"55":0.4598386288,"56":0.4678189754,"57":0.4767968655,"58":0.4847574234,"59":0.4927327633,"60":0.5006735325,"61":0.5088913441,"62":0.5158729553,"63":0.5238773823,"64":0.5318334103,"65":0.5398137569,"66":0.5478765965,"67":0.5558211803,"68":0.5628373623,"69":0.5706925392,"70":0.5786707401,"71":0.5866470337,"72":0.5945897102,"73":0.6024689674,"74":0.6104459763,"75":0.6184256077,"76":0.6260962486,"77":0.6340343952},"vars":{"0":[24.0,15.0],"1":[23.0,5.0],"2":[22.2062988281,-2.937005043],"3":[21.6559772491,-8.4402170181],"4":[21.3092956543,-11.9070234299],"5":[21.1065559387,-13.9344244003],"6":[20.9949836731,-15.0501461029],"7":[20.9366588593,-15.633398056],"8":[20.9074954987,-15.9250240326],"9":[20.8934764862,-16.0652236938],"10":[20.8869686127,-16.1302986145],"11":[20.8840427399,-16.1595592499],"12":[20.8827648163,-16.1723403931],"13":[20.8822212219,-16.1777763367],"14":[20.8819961548,-16.1800308228],"15":[20.8819046021,-16.1809444427],"16":[20.8818683624,-16.181306839],"17":[20.881855011,-16.1814479828],"18":[20.8818492889,-16.1815013885],"19":[20.8818473816,-16.1815223694],"20":[20.8818473816,-16.1815299988],"21":[20.8818473816,-16.1815319061],"22":[20.8818473816,-16.1815338135],"23":[20.8818473816,-16.1815338135],"24":[20.8818473816,-16.1815338135],"25":[20.8818473816,-16.1815338135],"26":[20.8818473816,-16.1815338135],"27":[20.8818473816,-16.1815338135],"28":[20.8818473816,-16.1815338135],"29":[20.8818473816,-16.1815338135],"30":[20.8818473816,-16.1815338135],"31":[20.8818473816,-16.1815338135],"32":[20.8818473816,-16.1815338135],"33":[20.8818473816,-16.1815338135],"34":[20.8818473816,-16.1815338135],"35":[20.8818473816,-16.1815338135],"36":[20.8818473816,-16.1815338135],"37":[20.8818473816,-16.1815338135],"38":[20.8818473816,-16.1815338135],"39":[20.8818473816,-16.1815338135],"40":[20.8818473816,-16.1815338135],"41":[20.8818473816,-16.1815338135],"42":[20.8818473816,-16.1815338135],"43":[20.8818473816,-16.1815338135],"44":[20.8818473816,-16.1815338135],"45":[20.8818473816,-16.1815338135],"46":[20.8818473816,-16.1815338135],"47":[20.8818473816,-16.1815338135],"48":[20.8818473816,-16.1815338135],"49":[20.8818473816,-16.1815338135],"50":[20.8818473816,-16.1815338135],"51":[20.8818473816,-16.1815338135],"52":[20.8818473816,-16.1815338135],"53":[20.8818473816,-16.1815338135],"54":[20.8818473816,-16.1815338135],"55":[20.8818473816,-16.1815338135],"56":[20.8818473816,-16.1815338135],"57":[20.8818473816,-16.1815338135],"58":[20.8818473816,-16.1815338135],"59":[20.8818473816,-16.1815338135],"60":[20.8818473816,-16.1815338135],"61":[20.8818473816,-16.1815338135],"62":[20.8818473816,-16.1815338135],"63":[20.8818473816,-16.1815338135],"64":[20.8818473816,-16.1815338135],"65":[20.8818473816,-16.1815338135],"66":[20.8818473816,-16.1815338135],"67":[20.8818473816,-16.1815338135],"68":[20.8818473816,-16.1815338135],"69":[20.8818473816,-16.1815338135],"70":[20.8818473816,-16.1815338135],"71":[20.8818473816,-16.1815338135],"72":[20.8818473816,-16.1815338135],"73":[20.8818473816,-16.1815338135],"74":[20.8818473816,-16.1815338135],"75":[20.8818473816,-16.1815338135],"76":[20.8818473816,-16.1815338135],"77":[null,null]}}