{"J":{"0":3.0403125286,"1":3.3986241817,"2":3.4229290485,"3":3.3541274071,"4":3.3759715557,"5":3.3963804245,"6":3.3816874027,"7":3.3954877853,"8":3.3982679844,"9":3.4084749222,"10":3.3910038471,"11":3.4037847519,"12":3.3907618523,"13":3.4154951572},"f":{"0":[5.7741947174,-5.6366987228],"1":[5.8893890381,-5.4315462112],"2":[5.921582222,-5.3949241638],"3":[5.748462677,-5.5811386108],"4":[5.8034849167,-5.5215797424],"5":[5.8667821884,-5.454284668],"6":[5.8164644241,-5.5073871613],"7":[5.8533382416,-5.4676914215],"8":[5.8433866501,-5.4795341492],"9":[5.8952312469,-5.4232845306],"10":[5.8307323456,-5.491771698],"11":[5.867099762,-5.4530038834],"12":[5.8479852676,-5.474155426],"13":[5.8990573883,-5.4191493988]},"runtime":{"0":39.8954720497,"1":75.1627838612,"2":117.0176250935,"3":157.315305233,"4":201.1045660973,"5":238.3235578537,"6":279.9324831963,"7":316.1795511246,"8":349.9644756317,"9":386.3564109802,"10":421.6331453323,"11":457.8170628548,"12":490.6561453342,"13":524.8421382904},"vars":{"0":[0.0947810858,0.2945531309],"1":[0.0033048359,0.3395319581],"2":[-0.0006063968,0.3423535228],"3":[0.0021280616,0.3351999223],"4":[0.0013038059,0.3374667764],"5":[0.0017107916,0.3394669592],"6":[0.0009475757,0.3380739987],"7":[0.0006359403,0.3394851983],"8":[-0.0014308224,0.3399698734],"9":[0.0010548186,0.3407420218],"10":[-0.0003923174,0.3391396105],"11":[-0.0004784718,0.3404263258],"12":[0.0014629532,0.3389298916],"13":[-0.0007256938,0.3416220844]}}