{"J":{"0":3.6236419678,"1":2.6905918121,"2":3.1034111977,"3":3.3248398304,"4":3.3458209038,"5":3.3941292763,"6":3.4001636505},"f":{"0":[9.7267894745,-1.6122102737],"1":[3.8150010109,-7.6471233368],"2":[5.022480011,-6.3572845459],"3":[5.6268901825,-5.7115068436],"4":[5.6927061081,-5.6403903961],"5":[5.839723587,-5.4821739197],"6":[5.8829450607,-5.4374675751]},"runtime":{"0":15.7826519012,"1":32.0686817169,"2":47.8007457256,"3":64.0886101723,"4":79.3633413315,"5":95.1959614754,"6":110.9467566013},"vars":{"0":[0.3186364174,0.3305005431],"1":[0.0012162752,0.2689375579],"2":[0.0022363972,0.3101174831],"3":[-0.0018698014,0.3326709867],"4":[-0.0012561263,0.3347077072],"5":[-0.0004014342,0.3394530714],"6":[0.0022248225,0.3397938609]}}