{"J":{"0":-88.8282470703,"1":-86.8754501343,"2":-86.8754501343,"3":-86.8754501343},"f":{"0":[150.4687042236,-3.124666214],"1":[151.2498168945,0.0002384186],"2":[151.2498168945,0.0002384186],"3":[151.2498168945,0.0002384186]},"runtime":{"0":34.753380537,"1":78.507174015,"2":98.844602108,"3":114.0543725491},"vars":{"0":[25.0,-11.3828248978],"1":[25.0,-11.1875448227],"2":[25.0,-11.1875448227],"3":[25.0,-11.1875448227]}}