{"J":{"0":-88.8282470703,"1":-86.8754501343,"2":-86.8754501343,"3":-86.8754501343,"4":-86.8754501343,"5":-86.8754501343,"6":-86.8754501343},"f":{"0":[150.4687042236,-3.124666214],"1":[151.2498168945,0.0002384186],"2":[151.2498168945,0.0002384186],"3":[151.2498168945,0.0002384186],"4":[151.2498168945,0.0002384186],"5":[151.2498168945,0.0002384186],"6":[151.2498168945,0.0002384186]},"runtime":{"0":15.1270587444,"1":31.3061599731,"2":46.1818232536,"3":62.3686013222,"4":77.4469878674,"5":93.5901124477,"6":108.9801442623},"vars":{"0":[25.0,-11.3828248978],"1":[25.0,-11.1875448227],"2":[25.0,-11.1875448227],"3":[25.0,-11.1875448227],"4":[25.0,-11.1875448227],"5":[25.0,-11.1875448227],"6":[25.0,-11.1875448227]}}