{"J":{"0":-88.8282699585,"1":-86.8754425049,"2":-86.8754425049,"3":-86.8754425049,"4":-86.8754425049,"5":-86.8754425049,"6":-86.8754425049,"7":-86.8754425049,"8":-86.8754425049,"9":-86.8754425049,"10":-86.8754425049,"11":-86.8754425049,"12":-86.8754425049,"13":-86.8754425049},"f":{"0":[150.4686889648,-3.1246967316],"1":[151.2498168945,0.0002536774],"2":[151.2498168945,0.0002536774],"3":[151.2498168945,0.0002536774],"4":[151.2498168945,0.0002536774],"5":[151.2498168945,0.0002536774],"6":[151.2498168945,0.0002536774],"7":[151.2498168945,0.0002536774],"8":[151.2498168945,0.0002536774],"9":[151.2498168945,0.0002536774],"10":[151.2498168945,0.0002536774],"11":[151.2498168945,0.0002536774],"12":[151.2498168945,0.0002536774],"13":[151.2498168945,0.0002536774]},"runtime":{"0":37.787330389,"1":76.777384758,"2":110.0394001007,"3":143.3224098682,"4":181.8752324581,"5":231.8891913891,"6":268.3684284687,"7":301.8689875603,"8":330.6527049541,"9":373.1652188301,"10":404.7392396927,"11":436.223515749,"12":474.8319933414,"13":526.354549408},"vars":{"0":[25.0,-11.3828268051],"1":[25.0,-11.187543869],"2":[25.0,-11.187543869],"3":[25.0,-11.187543869],"4":[25.0,-11.187543869],"5":[25.0,-11.187543869],"6":[25.0,-11.187543869],"7":[25.0,-11.187543869],"8":[25.0,-11.187543869],"9":[25.0,-11.187543869],"10":[25.0,-11.187543869],"11":[25.0,-11.187543869],"12":[25.0,-11.187543869],"13":[25.0,-11.187543869]}}