{"J":{"0":-88.8282470703,"1":-86.8754501343,"2":-86.8754501343,"3":-86.8754501343,"4":-86.8754501343,"5":-86.8754501343},"f":{"0":[150.4687042236,-3.124666214],"1":[151.2498168945,0.0002384186],"2":[151.2498168945,0.0002384186],"3":[151.2498168945,0.0002384186],"4":[151.2498168945,0.0002384186],"5":[151.2498168945,0.0002384186]},"runtime":{"0":15.1542284489,"1":31.8573498726,"2":50.2609479427,"3":70.8899283409,"4":87.2016739845,"5":102.3073203564},"vars":{"0":[25.0,-11.3828248978],"1":[25.0,-11.1875448227],"2":[25.0,-11.1875448227],"3":[25.0,-11.1875448227],"4":[25.0,-11.1875448227],"5":[25.0,-11.1875448227]}}