{"J":{"0":-88.8282699585,"1":-86.8754425049,"2":-86.8754425049,"3":-86.8754425049,"4":-86.8754425049,"5":-86.8754425049,"6":-86.8754425049,"7":-86.8754425049,"8":-86.8754425049,"9":-86.8754425049,"10":-86.8754425049,"11":-86.8754425049,"12":-86.8754425049,"13":-86.8754425049,"14":-86.8754425049,"15":-86.8754425049},"f":{"0":[150.4686889648,-3.1246967316],"1":[151.2498168945,0.0002536774],"2":[151.2498168945,0.0002536774],"3":[151.2498168945,0.0002536774],"4":[151.2498168945,0.0002536774],"5":[151.2498168945,0.0002536774],"6":[151.2498168945,0.0002536774],"7":[151.2498168945,0.0002536774],"8":[151.2498168945,0.0002536774],"9":[151.2498168945,0.0002536774],"10":[151.2498168945,0.0002536774],"11":[151.2498168945,0.0002536774],"12":[151.2498168945,0.0002536774],"13":[151.2498168945,0.0002536774],"14":[151.2498168945,0.0002536774],"15":[151.2498168945,0.0002536774]},"runtime":{"0":29.366537571,"1":61.9823606014,"2":96.0107102394,"3":130.178426981,"4":164.2544915676,"5":196.3175137043,"6":226.0138514042,"7":256.9113810062,"8":287.3012137413,"9":322.4032187462,"10":356.2022531033,"11":393.2153532505,"12":426.8689568043,"13":458.6341254711,"14":487.3979480267,"15":516.3629770279},"vars":{"0":[25.0,-11.3828268051],"1":[25.0,-11.187543869],"2":[25.0,-11.187543869],"3":[25.0,-11.187543869],"4":[25.0,-11.187543869],"5":[25.0,-11.187543869],"6":[25.0,-11.187543869],"7":[25.0,-11.187543869],"8":[25.0,-11.187543869],"9":[25.0,-11.187543869],"10":[25.0,-11.187543869],"11":[25.0,-11.187543869],"12":[25.0,-11.187543869],"13":[25.0,-11.187543869],"14":[25.0,-11.187543869],"15":[25.0,-11.187543869]}}