{"J":{"0":-88.8282699585,"1":-86.8754425049,"2":-86.8754425049,"3":-86.8754425049,"4":-86.8754425049,"5":-86.8754425049,"6":-86.8754425049,"7":-86.8754425049,"8":-86.8754425049,"9":-86.8754425049,"10":-86.8754425049,"11":-86.8754425049},"f":{"0":[150.4686889648,-3.1246967316],"1":[151.2498168945,0.0002536774],"2":[151.2498168945,0.0002536774],"3":[151.2498168945,0.0002536774],"4":[151.2498168945,0.0002536774],"5":[151.2498168945,0.0002536774],"6":[151.2498168945,0.0002536774],"7":[151.2498168945,0.0002536774],"8":[151.2498168945,0.0002536774],"9":[151.2498168945,0.0002536774],"10":[151.2498168945,0.0002536774],"11":[151.2498168945,0.0002536774]},"runtime":{"0":32.5434710979,"1":75.9524595737,"2":115.5034041405,"3":148.2010195255,"4":176.9895529747,"5":273.8494324684,"6":311.7477526665,"7":340.1747210026,"8":375.0388557911,"9":424.6735014915,"10":466.7035706043,"11":500.9031245708},"vars":{"0":[25.0,-11.3828268051],"1":[25.0,-11.187543869],"2":[25.0,-11.187543869],"3":[25.0,-11.187543869],"4":[25.0,-11.187543869],"5":[25.0,-11.187543869],"6":[25.0,-11.187543869],"7":[25.0,-11.187543869],"8":[25.0,-11.187543869],"9":[25.0,-11.187543869],"10":[25.0,-11.187543869],"11":[25.0,-11.187543869]}}