{"J":{"0":-88.8282699585},"f":{"0":[150.4686889648,-3.1246967316]},"runtime":{"0":32.6220545769},"vars":{"0":[25.0,-11.3828268051]}}