{"J":{"0":-88.8282699585},"f":{"0":[150.4686889648,-3.1246967316]},"runtime":{"0":45.9143028259},"vars":{"0":[25.0,-11.3828268051]}}