{"J":{"0":-88.8282470703},"f":{"0":[150.4687042236,-3.124666214]},"runtime":{"0":19.359251976},"vars":{"0":[25.0,-11.3828248978]}}