{"J":{"0":1.8670399189},"f":{"0":[12.6981964111,0.8481636047]},"runtime":{"0":15.1053788662},"vars":{"0":[1.1172060966,0.0749833807]}}