{"J":{"0":-5.5911865234},"f":{"0":[21.1172523499,2.2991504669]},"runtime":{"0":35.7288501263},"vars":{"0":[3.5991744995,-0.9190360904]}}