{"J":{"0":92.7569503784},"f":{"0":[0.0024833679,2.4719200134,0.0104866028,14.8717041016]},"runtime":{"0":31.6373744011},"vars":{"0":[8.1492986679,7.330655098,0.0,10.8932771683,0.0]}}