{"J":{"0":79.9427642822,"1":92.5806427002,"2":92.5806427002,"3":92.5806427002,"4":92.5806427002,"5":92.5806427002,"6":92.5806427002,"7":92.5806427002,"8":92.5806427002,"9":92.5806427002,"10":92.5806427002,"11":92.5806427002,"12":92.5806427002,"13":92.5806427002,"14":92.5806427002,"15":92.5806427002,"16":92.5806427002,"17":92.5806427002},"f":{"0":[-3.2258071899,-0.3225784302,-7.2580680847,6.4359970093],"1":[0.0,0.0,0.0,16.6128997803],"2":[0.0,0.0,0.0,16.6128997803],"3":[0.0,0.0,0.0,16.6128997803],"4":[0.0,0.0,0.0,16.6128997803],"5":[0.0,0.0,0.0,16.6128997803],"6":[0.0,0.0,0.0,16.6128997803],"7":[0.0,0.0,0.0,16.6128997803],"8":[0.0,0.0,0.0,16.6128997803],"9":[0.0,0.0,0.0,16.6128997803],"10":[0.0,0.0,0.0,16.6128997803],"11":[0.0,0.0,0.0,16.6128997803],"12":[0.0,0.0,0.0,16.6128997803],"13":[0.0,0.0,0.0,16.6128997803],"14":[0.0,0.0,0.0,16.6128997803],"15":[0.0,0.0,0.0,16.6128997803],"16":[0.0,0.0,0.0,16.6128997803],"17":[0.0,0.0,0.0,16.6128997803]},"runtime":{"0":29.6202728748,"1":59.4055614471,"2":95.4769091606,"3":125.276922226,"4":156.8945682049,"5":186.3806622028,"6":215.7622630596,"7":243.3805615902,"8":268.888957262,"9":294.1917438507,"10":320.8744533062,"11":348.8747036457,"12":379.231703043,"13":408.2261776924,"14":438.1829595566,"15":468.1350040436,"16":496.1032035351,"17":521.6158568859},"vars":{"0":[8.2882413864,6.5972952843,0.0,8.7148790359,0.0],"1":[8.5483865738,6.612903595,0.0,11.129032135,0.0],"2":[8.5483865738,6.612903595,0.0,11.129032135,0.0],"3":[8.5483865738,6.612903595,0.0,11.129032135,0.0],"4":[8.5483865738,6.612903595,0.0,11.129032135,0.0],"5":[8.5483865738,6.612903595,0.0,11.129032135,0.0],"6":[8.5483865738,6.612903595,0.0,11.129032135,0.0],"7":[8.5483865738,6.612903595,0.0,11.129032135,0.0],"8":[8.5483865738,6.612903595,0.0,11.129032135,0.0],"9":[8.5483865738,6.612903595,0.0,11.129032135,0.0],"10":[8.5483865738,6.612903595,0.0,11.129032135,0.0],"11":[8.5483865738,6.612903595,0.0,11.129032135,0.0],"12":[8.5483865738,6.612903595,0.0,11.129032135,0.0],"13":[8.5483865738,6.612903595,0.0,11.129032135,0.0],"14":[8.5483865738,6.612903595,0.0,11.129032135,0.0],"15":[8.5483865738,6.612903595,0.0,11.129032135,0.0],"16":[8.5483865738,6.612903595,0.0,11.129032135,0.0],"17":[8.5483865738,6.612903595,0.0,11.129032135,0.0]}}