{"J":{"0":92.327545166},"f":{"0":[-0.0647926331,-0.0067214966,-0.1452598572,16.4092025757]},"runtime":{"0":26.6474823952},"vars":{"0":[8.5431337357,6.6125359535,0.0,11.0807342529,0.0]}}