{"J":{"0":90.8955917358},"f":{"0":[-0.4301109314,-0.0430145264,-0.9677429199,15.2559814453]},"runtime":{"0":29.5422723293},"vars":{"0":[8.5137004852,6.6108217239,0.0,10.8071451187,0.0]}}