{"J":{"0":91.3168640137},"f":{"0":[-0.3225708008,-0.0322532654,-0.7258071899,15.5952148438]},"runtime":{"0":29.2244160175},"vars":{"0":[8.5223741531,6.6113433838,0.0,10.8876171112,0.0]}}