{"J":{"0":87.5254974365},"f":{"0":[-1.2903213501,-0.1290359497,-2.9032249451,12.5421447754]},"runtime":{"0":31.2150671482},"vars":{"0":[8.4443292618,6.6066589355,0.0,10.1633720398,0.0]}}