{"J":{"0":-3.5812444687,"1":-7.040271759,"2":-6.5581378937,"3":-6.3134994507,"4":-6.190114975,"5":-6.1344051361,"6":-6.1128406525},"f":{"0":[-0.8781702518,-0.0001459122],"1":[-0.4828565121,0.0],"2":[-0.2261819839,0.0],"3":[-0.1020731926,0.0],"4":[-0.0416994095,0.0],"5":[-0.0149888992,0.0],"6":[-0.0047454834,0.0]},"runtime":{"0":15.2328259945,"1":33.534129858,"2":48.5174453259,"3":64.1443786621,"4":80.542576313,"5":97.5816106796,"6":113.5604803562},"vars":{"0":[-11.9251441956,8.3438997269],"1":[-25.0,17.959728241],"2":[-25.0,18.4418621063],"3":[-25.0,18.6865005493],"4":[-25.0,18.809885025],"5":[-25.0,18.8655948639],"6":[-25.0,18.8871593475]}}