{"J":{"0":-3.5812444687,"1":-7.040271759,"2":-6.5581378937,"3":-6.3134994507},"f":{"0":[-0.8781702518,-0.0001459122],"1":[-0.4828565121,0.0],"2":[-0.2261819839,0.0],"3":[-0.1020731926,0.0]},"runtime":{"0":27.0959742069,"1":52.6325807571,"2":81.1022839546,"3":109.8011791706},"vars":{"0":[-11.9251441956,8.3438997269],"1":[-25.0,17.959728241],"2":[-25.0,18.4418621063],"3":[-25.0,18.6865005493]}}