{"J":{"0":-3.5812444687,"1":-7.040271759,"2":-6.5581378937,"3":-6.3134994507,"4":-6.190114975,"5":-6.1344051361},"f":{"0":[-0.8781702518,-0.0001459122],"1":[-0.4828565121,0.0],"2":[-0.2261819839,0.0],"3":[-0.1020731926,0.0],"4":[-0.0416994095,0.0],"5":[-0.0149888992,0.0]},"runtime":{"0":21.7281463146,"1":40.5922362804,"2":57.7124276161,"3":73.6155385971,"4":89.6314589977,"5":107.4967820644},"vars":{"0":[-11.9251441956,8.3438997269],"1":[-25.0,17.959728241],"2":[-25.0,18.4418621063],"3":[-25.0,18.6865005493],"4":[-25.0,18.809885025],"5":[-25.0,18.8655948639]}}