{"J":{"0":-3.5812444687,"1":-7.040271759,"2":-6.5581378937,"3":-6.3134994507,"4":-6.190114975},"f":{"0":[-0.8781702518,-0.0001459122],"1":[-0.4828565121,0.0],"2":[-0.2261819839,0.0],"3":[-0.1020731926,0.0],"4":[-0.0416994095,0.0]},"runtime":{"0":23.2557330132,"1":43.3366696835,"2":61.4822053909,"3":79.0791902542,"4":103.4903621674},"vars":{"0":[-11.9251441956,8.3438997269],"1":[-25.0,17.959728241],"2":[-25.0,18.4418621063],"3":[-25.0,18.6865005493],"4":[-25.0,18.809885025]}}