{"J":{"0":-6.1028119877},"f":{"0":[0.0,0.0]},"runtime":{"0":0.2920327187},"vars":{"0":[-25.0,18.8971880123]}}