{"J":{"0":-50.0,"1":-12.2133922577,"2":-12.1218328476,"3":-12.0578050613,"4":-12.0049591064,"5":-6.2353782654,"6":-6.222776413,"7":-6.2120780945,"8":-6.2028541565,"9":-6.1948070526,"10":-6.1877212524,"11":-6.181427002,"12":-6.1758041382,"13":-6.1707458496,"14":-6.1661777496,"15":-6.1620311737},"f":{"0":[-4.0,-2.0],"1":[-2.3139429092,-0.4822831154],"2":[-2.2941727638,-0.361087203],"3":[-2.2803881168,-0.2913882732],"4":[-2.2690298557,-0.2426027656],"5":[-0.063657999,0.0],"6":[-0.0575218201,0.0],"7":[-0.0523262024,0.0],"8":[-0.0478568077,0.0],"9":[-0.0439653397,0.0],"10":[-0.0405445099,0.0],"11":[-0.0375108719,0.0],"12":[-0.0348043442,0.0],"13":[-0.0323724747,0.0],"14":[-0.0301792622,0.0],"15":[-0.0281903744,0.0]},"runtime":{"0":34.8787770271,"1":67.6990385056,"2":105.8799118996,"3":138.2612733841,"4":170.610065937,"5":204.5292580128,"6":235.3357174397,"7":265.5838434696,"8":297.9532608986,"9":330.5275781155,"10":371.1319773197,"11":402.5658357143,"12":436.5623531342,"13":465.9367313385,"14":496.3753097057,"15":530.937841177},"vars":{"0":[-25.0,-25.0],"1":[-25.0,12.7866077423],"2":[-25.0,12.8781671524],"3":[-25.0,12.9421949387],"4":[-25.0,12.9950408936],"5":[-25.0,18.7646217346],"6":[-25.0,18.777223587],"7":[-25.0,18.7879219055],"8":[-25.0,18.7971458435],"9":[-25.0,18.8051929474],"10":[-25.0,18.8122787476],"11":[-25.0,18.818572998],"12":[-25.0,18.8241958618],"13":[-25.0,18.8292541504],"14":[-25.0,18.8338222504],"15":[-25.0,18.8379688263]}}