{"J":{"0":-49.412525177,"1":-7.0926146507,"2":-6.5566492081,"3":-4.8082771301,"4":-3.4693937302},"f":{"0":[-4.0,-2.0],"1":[-2.2061955929,-0.3870050907],"2":[-2.1067771912,-0.2157757282],"3":[-1.4362792969,-0.0028173327],"4":[-0.7078754902,-0.0000377893]},"runtime":{"0":19.680876255,"1":40.337505579,"2":63.4225580692,"3":89.9300255775,"4":115.2052669525},"vars":{"0":[-24.8451843262,-24.5673408508],"1":[-14.8989343643,7.8063197136],"2":[-14.1695480347,7.6128988266],"3":[-12.8984041214,8.0901269913],"4":[-12.3769578934,8.9075641632]}}