{"J":{"0":-49.412525177,"1":-7.0926146507,"2":-6.5566492081,"3":-4.8082771301,"4":-3.4693937302,"5":-3.1839370728},"f":{"0":[-4.0,-2.0],"1":[-2.2061955929,-0.3870050907],"2":[-2.1067771912,-0.2157757282],"3":[-1.4362792969,-0.0028173327],"4":[-0.7078754902,-0.0000377893],"5":[-0.5489826202,-0.0000144243]},"runtime":{"0":26.3565542698,"1":48.5046348572,"2":63.955518961,"3":79.4298994541,"4":94.4636697769,"5":108.9420592785},"vars":{"0":[-24.8451843262,-24.5673408508],"1":[-14.8989343643,7.8063197136],"2":[-14.1695480347,7.6128988266],"3":[-12.8984041214,8.0901269913],"4":[-12.3769578934,8.9075641632],"5":[-12.2851352692,9.1011981964]}}