{"J":{"0":-49.412525177},"f":{"0":[-4.0,-2.0]},"runtime":{"0":15.2682924271},"vars":{"0":[-24.8451843262,-24.5673408508]}}