{"J":{"0":-1.8355588913},"f":{"0":[-0.0011460781,-0.000000596]},"runtime":{"0":17.6218411922},"vars":{"0":[-11.1542472839,9.3186883926]}}